soilMoisture,collectDate,plotID,sampleID,soilInWaterpH,soilInCaClpH
0.032,2015-07-30,MOAB_002,MOAB_002-M-0-14-20150730,8.7,7.57
0.036,2015-07-30,MOAB_002,MOAB_002-M-34.5-5.5-20150730,8.59,7.59
0.03,2015-07-30,MOAB_002,MOAB_002-M-9-39.5-20150730,8.65,7.45
0.028,2015-07-31,MOAB_001,MOAB_001-M-36-19-20150731,8.77,7.61
0.036,2015-07-31,MOAB_001,MOAB_001-M-29-37.5-20150731,8.72,7.65
0.024,2015-07-31,MOAB_001,MOAB_001-M-14-32-20150731,8.74,7.66
0.028,2015-07-31,MOAB_004,MOAB_004-M-6-11.5-20150731,8.7,7.77
0.033,2015-07-31,MOAB_004,MOAB_004-M-24-37.5-20150731,8.69,7.43
0.021,2015-07-31,MOAB_004,MOAB_004-M-5.5-30.5-20150731,8.91,7.64
0.012,2015-07-31,MOAB_006,MOAB_006-M-5.5-2-20150731,9,7.47
0.013,2015-07-31,MOAB_006,MOAB_006-M-0.5-21.5-20150731,8.84,7.58
0.022,2015-07-31,MOAB_006,MOAB_006-M-37.5-35-20150731,8.68,7.62
0.027,2015-07-31,MOAB_005,MOAB_005-M-16.5-7-20150731,8.67,7.62
0.028,2015-07-31,MOAB_005,MOAB_005-M-23.5-9.5-20150731,8.64,7.42
0.028,2015-07-31,MOAB_005,MOAB_005-M-15.5-36-20150731,8.56,7.6
0.093,2015-08-01,MOAB_003,MOAB_003-M-10.5-7.5-20150801,8.61,7.69
0.044,2015-08-01,MOAB_003,MOAB_003-M-8.5-34.5-20150801,8.45,7.68
0.074,2015-08-01,MOAB_003,MOAB_003-M-39.5-31-20150801,8.62,7.84
0.02,2015-08-01,MOAB_044,MOAB_044-M-26-3-20150801,8.74,7.68
0.027,2015-08-01,MOAB_044,MOAB_044-M-21-32.5-20150801,8.65,7.76
0.025,2015-08-01,MOAB_044,MOAB_044-M-13-35.5-20150801,8.81,7.78
0.031,2015-08-01,MOAB_045,MOAB_045-M-6.5-14.5-20150801,8.47,7.46
0.034,2015-08-01,MOAB_045,MOAB_045-M-30.5-14-20150801,8.47,7.49
0.032,2015-08-01,MOAB_045,MOAB_045-M-33.5-34-20150801,8.32,7.38
0.035,2015-08-02,MOAB_046,MOAB_046-M-34-1.5-20150802,8.62,7.56
0.041,2015-08-02,MOAB_046,MOAB_046-M-27.5-34-20150802,8.38,7.42
0.032,2015-08-02,MOAB_046,MOAB_046-M-7.5-32.5-20150802,8.61,7.56
0.028,2015-08-02,MOAB_047,MOAB_047-M-12.5-3.5-20150802,8.64,7.5
0.031,2015-08-02,MOAB_047,MOAB_047-M-30-6-20150802,8.68,7.68
0.032,2015-08-02,MOAB_047,MOAB_047-M-25.5-30.5-20150802,8.4,7.43
0.076,2016-03-15,MOAB_044,MOAB_044-M-2.5-39-20160315,8.66,7.37
0.076,2016-03-15,MOAB_044,MOAB_044-M-8-18.5-20160315,8.65,7.45
0.094,2016-03-15,MOAB_044,MOAB_044-M-32-19.5-20160315,8.73,7.56
0.094,2016-03-15,MOAB_045,MOAB_045-M-20-3.5-20160315,8.39,7.27
0.085,2016-03-15,MOAB_045,MOAB_045-M-34-21-20160315,8.41,7.3
0.082,2016-03-15,MOAB_045,MOAB_045-M-15-32-20160315,8.46,7.29
0.098,2016-03-15,MOAB_047,MOAB_047-M-7.5-6-20160315,8.51,7.29
0.085,2016-03-15,MOAB_047,MOAB_047-M-28.5-1-20160315,8.53,7.23
0.075,2016-03-15,MOAB_047,MOAB_047-M-32.5-27.5-20160315,8.66,7.29
0.115,2016-03-16,MOAB_003,MOAB_003-M-22-9.5-20160316,8.46,7.59
0.166,2016-03-16,MOAB_003,MOAB_003-M-23-26-20160316,8.36,7.48
0.179,2016-03-16,MOAB_003,MOAB_003-M-13-33.5-20160316,8.26,7.53
0.095,2016-03-16,MOAB_046,MOAB_046-M-17-4-20160316,8.42,7.44
0.092,2016-03-16,MOAB_046,MOAB_046-M-37.5-8-20160316,8.81,7.53
0.072,2016-03-16,MOAB_046,MOAB_046-M-34.5-36-20160316,8.5,7.34
0.085,2016-03-17,MOAB_005,MOAB_005-M-1.5-9.5-20160317,8.44,7.49
0.085,2016-03-17,MOAB_005,MOAB_005-M-34.5-15-20160317,8.33,7.48
0.085,2016-03-17,MOAB_005,MOAB_005-M-26-31.5-20160317,8.48,7.54
0.078,2016-03-17,MOAB_002,MOAB_002-M-0-23.5-20160317,8.6,7.59
0.063,2016-03-17,MOAB_002,MOAB_002-M-6-14-20160317,8.71,7.45
0.071,2016-03-17,MOAB_002,MOAB_002-M-24-9-20160317,8.84,7.49
0.085,2016-03-17,MOAB_004,MOAB_004-M-4-22-20160317,8.34,7.48
0.095,2016-03-17,MOAB_004,MOAB_004-M-7.5-10.5-20160317,8.45,7.56
0.088,2016-03-17,MOAB_004,MOAB_004-M-37-18.5-20160317,8.48,7.64
0.074,2016-03-18,MOAB_001,MOAB_001-M-1-1-20160318,8.43,7.53
0.068,2016-03-18,MOAB_001,MOAB_001-M-34.5-16-20160318,8.59,7.65
0.077,2016-03-18,MOAB_001,MOAB_001-M-39-26.5-20160318,8.39,7.53
0.063,2016-03-18,MOAB_006,MOAB_006-M-9-31-20160318,8.62,7.55
0.056,2016-03-18,MOAB_006,MOAB_006-M-38.5-26-20160318,8.61,7.56
0.064,2016-03-18,MOAB_006,MOAB_006-M-38.5-5-20160318,8.61,7.56
0.021,2016-07-25,MOAB_044,MOAB_044-M-30.5-5.5-20160725,8.84,7.53
0.027,2016-07-25,MOAB_044,MOAB_044-M-35.5-21.5-20160725,8.18,7.56
0.026,2016-07-25,MOAB_044,MOAB_044-M-16.5-38.5-20160725,8.83,7.86
0.024,2016-07-25,MOAB_045,MOAB_045-M-8-15-20160725,7.62,7.24
0.024,2016-07-25,MOAB_045,MOAB_045-M-33-21-20160725,8.45,7.74
0.034,2016-07-25,MOAB_045,MOAB_045-M-34.5-3.5-20160725,8.48,8.11
0.026,2016-07-25,MOAB_047,MOAB_047-M-28.5-1.5-20160725,8.52,8.1
0.026,2016-07-25,MOAB_047,MOAB_047-M-30-30-20160725,8.53,7.85
0.028,2016-07-25,MOAB_047,MOAB_047-M-7.5-28.5-20160725,8.21,7.39
0.025,2016-07-26,MOAB_005,MOAB_005-M-2.5-36-20160726,8.4,7.97
0.028,2016-07-26,MOAB_005,MOAB_005-M-33-13.5-20160726,8.53,8
0.029,2016-07-26,MOAB_005,MOAB_005-M-35.5-30-20160726,8.61,8.18
0.028,2016-07-26,MOAB_002,MOAB_002-M-3-17-20160726,8.56,8.04
0.022,2016-07-26,MOAB_002,MOAB_002-M-6.5-31-20160726,8.43,7.92
0.044,2016-07-26,MOAB_002,MOAB_002-M-31-38.5-20160726,8.81,7.84
0.026,2016-07-26,MOAB_046,MOAB_046-M-15-6.5-20160726,8.26,7.63
0.021,2016-07-26,MOAB_046,MOAB_046-M-35-13-20160726,8.49,7.95
0.032,2016-07-26,MOAB_046,MOAB_046-M-10-33-20160726,8.41,8.02
0.074,2016-07-27,MOAB_003,MOAB_003-M-20-37.5-20160727,8.38,7.65
0.054,2016-07-27,MOAB_003,MOAB_003-M-4-13.5-20160727,8.43,7.61
0.082,2016-07-27,MOAB_003,MOAB_003-M-27-7.5-20160727,8.32,7.45
0.02,2016-07-27,MOAB_001,MOAB_001-M-6.5-20-20160727,8.67,7.62
0.022,2016-07-27,MOAB_001,MOAB_001-M-20.5-6-20160727,8.59,7.62
0.059,2016-07-27,MOAB_001,MOAB_001-M-39.5-27-20160727,8.71,8.24
0.02,2016-07-28,MOAB_006,MOAB_006-M-33.5-1.5-20160728,8.8,8.33
0.024,2016-07-28,MOAB_006,MOAB_006-M-34-31-20160728,8.02,7.43
0.021,2016-07-28,MOAB_006,MOAB_006-M-5-35-20160728,8.8,8.08
0.026,2016-07-28,MOAB_004,MOAB_004-M-32.5-14-20160728,8.56,8.31
0.024,2016-07-28,MOAB_004,MOAB_004-M-37.5-24.5-20160728,8.68,8.14
0.028,2016-07-28,MOAB_004,MOAB_004-M-7-33.5-20160728,8.56,8.13
0.212,2016-11-14,MOAB_044,MOAB_044-M-9.5-11-20161114,8.44,7.86
0.025,2016-11-14,MOAB_044,MOAB_044-M-23-8.5-20161114,8.47,8
0.21,2016-11-14,MOAB_044,MOAB_044-M-36.5-34-20161114,8.42,7.98
0.235,2016-11-14,MOAB_045,MOAB_045-M-3.5-18-20161114,8,7.49
0.22,2016-11-14,MOAB_045,MOAB_045-M-17-37-20161114,8.36,7.64
0.22,2016-11-14,MOAB_045,MOAB_045-M-34.5-30-20161114,8.05,7.75
0.237,2016-11-14,MOAB_001,MOAB_001-M-1.5-9.5-20161114,8.31,7.95
0.227,2016-11-14,MOAB_001,MOAB_001-M-6-37.5-20161114,8.57,7.52
0.224,2016-11-14,MOAB_001,MOAB_001-M-27-32-20161114,8.29,7.96
0.267,2016-11-15,MOAB_003,MOAB_003-M-38.5-17.5-20161115,8.24,7.96
0.075,2016-11-15,MOAB_003,MOAB_003-M-39-38-20161115,8.3,8.02
0.041,2016-11-15,MOAB_003,MOAB_003-M-7-27.5-20161115,8.57,7.97
0.199,2016-11-15,MOAB_004,MOAB_004-M-11-1-20161115,8.51,7.96
0.215,2016-11-15,MOAB_004,MOAB_004-M-6.5-29.5-20161115,8.57,8.01
0.214,2016-11-15,MOAB_004,MOAB_004-M-34-27.5-20161115,8.41,7.9
0.233,2016-11-15,MOAB_046,MOAB_046-M-0.5-6-20161115,NA,NA
0.224,2016-11-15,MOAB_046,MOAB_046-M-9.5-20-20161115,NA,NA
0.232,2016-11-15,MOAB_046,MOAB_046-M-35-36.5-20161115,NA,NA
0.221,2016-11-15,MOAB_047,MOAB_047-M-31-9-20161115,8.54,7.89
0.223,2016-11-15,MOAB_047,MOAB_047-M-33-22.5-20161115,8.65,7.88
0.224,2016-11-15,MOAB_047,MOAB_047-M-1.5-28-20161115,8.42,7.85
0.027,2016-11-16,MOAB_005,MOAB_005-M-16.5-1.5-20161116,8.37,7.95
0.03,2016-11-16,MOAB_005,MOAB_005-M-35.5-37.5-20161116,8.42,7.84
0.023,2016-11-16,MOAB_005,MOAB_005-M-5-20.5-20161116,8.43,7.96
0.024,2016-11-16,MOAB_002,MOAB_002-M-1.5-18.5-20161116,8.4,7.69
0.213,2016-11-16,MOAB_002,MOAB_002-M-12-37-20161116,8.51,7.85
0.239,2016-11-16,MOAB_002,MOAB_002-M-37.5-2-20161116,8.22,7.83
0.015,2016-11-16,MOAB_006,MOAB_006-M-9.5-6.5-20161116,8.42,7.73
0.018,2016-11-16,MOAB_006,MOAB_006-M-25.5-3.5-20161116,8.47,7.8
0.018,2016-11-16,MOAB_006,MOAB_006-M-2.5-23.5-20161116,8.46,7.78
0.06,2017-03-27,MOAB_004,MOAB_004-M-19-3.5-20170327,7.89,7.16
0.058,2017-03-27,MOAB_004,MOAB_004-M-14.5-39.5-20170327,8.09,6.86
0.055,2017-03-27,MOAB_004,MOAB_004-M-35.5-27-20170327,7.87,6.98
0.073,2017-03-28,MOAB_001,MOAB_001-M-14-34-20170328,8.12,6.97
0.08,2017-03-28,MOAB_001,MOAB_001-M-24.5-36.5-20170328,8.28,7.11
0.064,2017-03-28,MOAB_001,MOAB_001-M-25-4-20170328,8.3,7.23
0.078,2017-03-28,MOAB_044,MOAB_044-M-7.5-0-20170328,7.4,6.7
0.064,2017-03-28,MOAB_044,MOAB_044-M-7-23.5-20170328,8.15,7.17
0.061,2017-03-28,MOAB_044,MOAB_044-M-34.5-37-20170328,8.02,7.1
0.077,2017-03-28,MOAB_045,MOAB_045-M-4-14.5-20170328,7.36,6.47
0.075,2017-03-28,MOAB_045,MOAB_045-M-9-27-20170328,7.29,6.55
0.078,2017-03-28,MOAB_045,MOAB_045-M-36-6.5-20170328,8.02,6.88
0.077,2017-03-29,MOAB_046,MOAB_046-M-16.5-8.5-20170329,7.69,6.89
0.079,2017-03-29,MOAB_046,MOAB_046-M-14.5-37.5-20170329,8.05,7.13
0.073,2017-03-29,MOAB_046,MOAB_046-M-37.5-23-20170329,7.74,6.87
0.072,2017-03-29,MOAB_047,MOAB_047-M-29-1-20170329,8.2,7.06
0.074,2017-03-29,MOAB_047,MOAB_047-M-1-18.5-20170329,7.91,6.94
0.072,2017-03-29,MOAB_047,MOAB_047-M-1-25.5-20170329,7.86,6.84
0.064,2017-03-30,MOAB_005,MOAB_005-M-31.5-6-20170330,7.97,7.01
0.071,2017-03-30,MOAB_005,MOAB_005-M-30-39.5-20170330,8.06,6.96
0.067,2017-03-30,MOAB_005,MOAB_005-M-2.5-19-20170330,7.84,7.06
0.065,2017-03-30,MOAB_002,MOAB_002-M-19-5.5-20170330,8.1,6.96
0.054,2017-03-30,MOAB_002,MOAB_002-M-8.5-38-20170330,8.18,7.1
0.063,2017-03-30,MOAB_002,MOAB_002-M-33.5-31.5-20170330,8.01,6.87
0.044,2017-03-30,MOAB_006,MOAB_006-M-8-14-20170330,7.23,6.64
0.06,2017-03-30,MOAB_006,MOAB_006-M-39.5-5-20170330,8.23,6.8
0.055,2017-03-30,MOAB_006,MOAB_006-M-21.5-35-20170330,7.71,6.78
0.119,2017-03-31,MOAB_003,MOAB_003-M-25.5-2.5-20170331,8,7.26
0.126,2017-03-31,MOAB_003,MOAB_003-M-27.5-34.5-20170331,7.79,7.21
0.162,2017-03-31,MOAB_003,MOAB_003-M-8-29.5-20170331,7.84,7.35
0.062,2017-04-11,MOAB_004,MOAB_004-M-19-3.5-20170411,7.45,6.43
0.055,2017-04-11,MOAB_004,MOAB_004-M-14.5-39.5-20170411,7.46,6.52
0.07,2017-04-11,MOAB_004,MOAB_004-M-35.5-27-20170411,7.42,6.75
0.061,2017-04-10,MOAB_001,MOAB_001-M-14-34-20170410,8.52,7.24
0.061,2017-04-10,MOAB_001,MOAB_001-M-24.5-36.5-20170410,8.31,7.02
0.035,2017-04-10,MOAB_001,MOAB_001-M-25-4-20170410,8.43,6.95
0.07,2017-04-11,MOAB_044,MOAB_044-M-7.5-0-20170411,7.14,7.1
0.046,2017-04-11,MOAB_044,MOAB_044-M-7-23.5-20170411,8.56,7.23
0.045,2017-04-11,MOAB_044,MOAB_044-M-34.5-37-20170411,8.39,6.93
0.038,2017-04-11,MOAB_045,MOAB_045-M-4-14.5-20170411,7.29,6.43
0.053,2017-04-11,MOAB_045,MOAB_045-M-9-27-20170411,6.69,6.31
0.077,2017-04-11,MOAB_045,MOAB_045-M-36-6.5-20170411,7.46,6.65
0.034,2017-04-11,MOAB_046,MOAB_046-M-16.5-8.5-20170411,7.08,6.46
0.077,2017-04-11,MOAB_046,MOAB_046-M-14.5-37.5-20170411,7.47,6.47
0.068,2017-04-11,MOAB_046,MOAB_046-M-37.5-23-20170411,7.14,6.13
0.058,2017-04-11,MOAB_047,MOAB_047-M-29-1-20170411,7.45,6.9
0.075,2017-04-11,MOAB_047,MOAB_047-M-1-18.5-20170411,7.03,6.64
0.058,2017-04-11,MOAB_047,MOAB_047-M-1-25.5-20170411,7.02,6.66
0.063,2017-04-10,MOAB_005,MOAB_005-M-31.5-6-20170410,8.3,6.95
0.044,2017-04-10,MOAB_005,MOAB_005-M-30-39.5-20170410,8.31,7.01
0.053,2017-04-10,MOAB_005,MOAB_005-M-2.5-19-20170410,8.41,7.11
0.057,2017-04-10,MOAB_002,MOAB_002-M-19-5.5-20170410,8.27,7
0.029,2017-04-10,MOAB_002,MOAB_002-M-8.5-38-20170410,8.26,7.14
0.042,2017-04-10,MOAB_002,MOAB_002-M-33.5-31.5-20170410,7,6.41
0.03,2017-04-11,MOAB_006,MOAB_006-M-8-14-20170411,7.01,6.14
0.048,2017-04-11,MOAB_006,MOAB_006-M-39.5-5-20170411,7.56,6.91
0.054,2017-04-11,MOAB_006,MOAB_006-M-21.5-35-20170411,7.29,6.48
0.107,2017-04-11,MOAB_003,MOAB_003-M-25.5-2.5-20170411,7.55,7.07
0.117,2017-04-11,MOAB_003,MOAB_003-M-27.5-34.5-20170411,7.67,7.19
0.167,2017-04-11,MOAB_003,MOAB_003-M-8-29.5-20170411,7.51,7.15
0.037,2017-05-21,MOAB_004,MOAB_004-M-28.5-0-20170521,8.18,7.02
0.04,2017-05-21,MOAB_004,MOAB_004-M-1-20.5-20170521,7.73,6.95
0.033,2017-05-21,MOAB_004,MOAB_004-M-32.5-29-20170521,7.94,7
0.022,2017-05-21,MOAB_006,MOAB_006-M-27-8-20170521,7.64,6.88
0.025,2017-05-21,MOAB_006,MOAB_006-M-6.5-37-20170521,8.29,6.83
0.028,2017-05-21,MOAB_006,MOAB_006-M-20-37.5-20170521,8.18,6.56
0.044,2017-05-21,MOAB_001,MOAB_001-M-24.5-3.5-20170521,8.21,6.93
0.033,2017-05-21,MOAB_001,MOAB_001-M-0-23-20170521,7.98,6.88
0.036,2017-05-21,MOAB_001,MOAB_001-M-30-30.5-20170521,7.89,6.98
0.041,2017-05-22,MOAB_005,MOAB_005-M-4-1.5-20170522,8.44,7.16
0.042,2017-05-22,MOAB_005,MOAB_005-M-26.5-9.5-20170522,8.29,7.16
0.037,2017-05-22,MOAB_005,MOAB_005-M-6-37.5-20170522,8.26,6.94
0.04,2017-05-22,MOAB_002,MOAB_002-M-14.5-9-20170522,7.97,6.9
0.031,2017-05-22,MOAB_002,MOAB_002-M-12.5-38-20170522,7.98,6.94
0.035,2017-05-22,MOAB_002,MOAB_002-M-23.5-32.5-20170522,8.09,6.86
0.062,2017-05-22,MOAB_003,MOAB_003-M-1-5-20170522,8.08,7.33
0.05,2017-05-22,MOAB_003,MOAB_003-M-23-6.5-20170522,7.82,7.01
0.058,2017-05-22,MOAB_003,MOAB_003-M-35-28.5-20170522,8.28,7.18
0.043,2017-05-23,MOAB_046,MOAB_046-M-7.5-10-20170523,7.85,6.89
0.034,2017-05-23,MOAB_046,MOAB_046-M-5-39-20170523,8.52,7.04
0.041,2017-05-23,MOAB_046,MOAB_046-M-38-33.5-20170523,7.96,6.85
0.04,2017-05-23,MOAB_045,MOAB_045-M-14.5-9.5-20170523,8.27,6.87
0.038,2017-05-23,MOAB_045,MOAB_045-M-37.5-18-20170523,7.77,6.76
0.039,2017-05-23,MOAB_045,MOAB_045-M-4.5-26-20170523,8.25,6.98
0.036,2017-05-23,MOAB_047,MOAB_047-M-37.5-1-20170523,8.14,6.87
0.041,2017-05-23,MOAB_047,MOAB_047-M-21-33.5-20170523,8.4,6.96
0.03,2017-05-23,MOAB_044,MOAB_044-M-12.5-6-20170523,7.91,6.81
0.033,2017-05-23,MOAB_044,MOAB_044-M-17-32-20170523,8.39,7.01
0.036,2017-05-23,MOAB_044,MOAB_044-M-21-31-20170523,8.56,7.11
0.029,2017-06-19,MOAB_004,MOAB_004-M-28.5-0-20170619,NA,NA
0.019,2017-06-19,MOAB_004,MOAB_004-M-1-20.5-20170619,NA,NA
0.018,2017-06-19,MOAB_004,MOAB_004-M-32.5-29-20170619,NA,NA
0.008,2017-06-19,MOAB_006,MOAB_006-M-27-8-20170619,NA,NA
0.009,2017-06-19,MOAB_006,MOAB_006-M-6.5-37-20170619,NA,NA
0.015,2017-06-19,MOAB_006,MOAB_006-M-20-37.5-20170619,NA,NA
0.021,2017-06-20,MOAB_001,MOAB_001-M-24.5-3.5-20170620,NA,NA
0.022,2017-06-20,MOAB_001,MOAB_001-M-0-23-20170620,NA,NA
0.018,2017-06-20,MOAB_001,MOAB_001-M-30-30.5-20170620,NA,NA
0.025,2017-06-19,MOAB_005,MOAB_005-M-4-1.5-20170619,NA,NA
0.015,2017-06-19,MOAB_005,MOAB_005-M-26.5-9.5-20170619,NA,NA
0.022,2017-06-19,MOAB_005,MOAB_005-M-6-37.5-20170619,NA,NA
0.023,2017-06-19,MOAB_002,MOAB_002-M-14.5-9-20170619,NA,NA
0.016,2017-06-19,MOAB_002,MOAB_002-M-12.5-38-20170619,NA,NA
0.017,2017-06-19,MOAB_002,MOAB_002-M-23.5-32.5-20170619,NA,NA
0.04,2017-06-19,MOAB_003,MOAB_003-M-1-5-20170619,NA,NA
0.05,2017-06-19,MOAB_003,MOAB_003-M-23-6.5-20170619,NA,NA
0.045,2017-06-19,MOAB_003,MOAB_003-M-35-28.5-20170619,NA,NA
0.026,2017-06-20,MOAB_046,MOAB_046-M-7.5-10-20170620,NA,NA
0.028,2017-06-20,MOAB_046,MOAB_046-M-5-39-20170620,NA,NA
0.017,2017-06-20,MOAB_046,MOAB_046-M-38-33.5-20170620,NA,NA
0.019,2017-06-20,MOAB_045,MOAB_045-M-14.5-9.5-20170620,NA,NA
0.014,2017-06-20,MOAB_045,MOAB_045-M-37.5-18-20170620,NA,NA
0.023,2017-06-20,MOAB_045,MOAB_045-M-4.5-26-20170620,NA,NA
0.016,2017-06-20,MOAB_047,MOAB_047-M-37.5-1-20170620,NA,NA
0.015,2017-06-20,MOAB_047,MOAB_047-M-6-37.5-20170620,NA,NA
0.018,2017-06-20,MOAB_047,MOAB_047-M-21-33.5-20170620,NA,NA
0.017,2017-06-20,MOAB_044,MOAB_044-M-12.5-6-20170620,NA,NA
0.022,2017-06-20,MOAB_044,MOAB_044-M-17-32-20170620,NA,NA
0.019,2017-06-20,MOAB_044,MOAB_044-M-21-31-20170620,NA,NA
0.044,2017-10-01,MOAB_047,MOAB_047-M-34-10.5-20171001,8.47,7.23
0.038,2017-10-23,MOAB_047,MOAB_047-M-34-10.5-20171023,NA,NA
0.047,2017-10-01,MOAB_047,MOAB_047-M-22-33.5-20171001,8.25,7.01
0.029,2017-10-23,MOAB_047,MOAB_047-M-22-33.5-20171023,NA,NA
0.059,2017-10-01,MOAB_047,MOAB_047-M-1-35.5-20171001,8.41,7.54
0.036,2017-10-23,MOAB_047,MOAB_047-M-1-35.5-20171023,NA,NA
0.036,2017-10-01,MOAB_045,MOAB_045-M-25-32.5-20171001,8.21,6.96
0.026,2017-10-23,MOAB_045,MOAB_045-M-25-32.5-20171023,NA,NA
0.046,2017-10-01,MOAB_045,MOAB_045-M-3.5-16-20171001,8.44,7.01
0.028,2017-10-23,MOAB_045,MOAB_045-M-3.5-16-20171023,NA,NA
0.045,2017-10-01,MOAB_045,MOAB_045-M-33.5-5.5-20171001,8.51,7.53
0.041,2017-10-23,MOAB_045,MOAB_045-M-33.5-5.5-20171023,NA,NA
0.035,2017-10-01,MOAB_044,MOAB_044-M-3.5-29-20171001,8.55,7.63
0.033,2017-10-23,MOAB_044,MOAB_044-M-3.5-29-20171023,NA,NA
0.033,2017-10-01,MOAB_044,MOAB_044-M-37-39-20171001,8.67,7.04
0.023,2017-10-23,MOAB_044,MOAB_044-M-37-39-20171023,NA,NA
0.04,2017-10-01,MOAB_044,MOAB_044-M-35-14-20171001,8.48,7.53
0.037,2017-10-23,MOAB_044,MOAB_044-M-35-14-20171023,NA,NA
0.038,2017-10-01,MOAB_046,MOAB_046-M-3.5-3-20171001,8.22,7.17
0.035,2017-10-23,MOAB_046,MOAB_046-M-3.5-3-20171023,NA,NA
0.053,2017-10-01,MOAB_046,MOAB_046-M-26-9-20171001,8.52,7.4
0.043,2017-10-23,MOAB_046,MOAB_046-M-26-9-20171023,NA,NA
0.047,2017-10-01,MOAB_046,MOAB_046-M-20.5-31-20171001,8.48,7.28
0.033,2017-10-23,MOAB_046,MOAB_046-M-20.5-31-20171023,NA,NA
0.034,2017-10-02,MOAB_003,MOAB_003-M-15.5-9.5-20171002,8.11,7.39
0.025,2017-10-22,MOAB_003,MOAB_003-M-15.5-9.5-20171022,NA,NA
0.062,2017-10-02,MOAB_003,MOAB_003-M-1.5-35.5-20171002,7.95,7.34
0.041,2017-10-22,MOAB_003,MOAB_003-M-1.5-35.5-20171022,NA,NA
0.07,2017-10-02,MOAB_003,MOAB_003-M-37-27-20171002,8.12,7.44
0.067,2017-10-22,MOAB_003,MOAB_003-M-37-27-20171022,NA,NA
0.041,2017-10-02,MOAB_005,MOAB_005-M-39.5-12.5-20171002,8.41,7.27
0.043,2017-10-22,MOAB_005,MOAB_005-M-39.5-12.5-20171022,NA,NA
0.052,2017-10-02,MOAB_005,MOAB_005-M-32.5-28.5-20171002,8.49,7.35
0.04,2017-10-22,MOAB_005,MOAB_005-M-32.5-28.5-20171022,NA,NA
0.046,2017-10-02,MOAB_005,MOAB_005-M-19-36-20171002,8.36,7.33
0.034,2017-10-22,MOAB_005,MOAB_005-M-19-36-20171022,NA,NA
0.047,2017-10-02,MOAB_002,MOAB_002-M-37.5-13.5-20171002,8.25,6.9
0.036,2017-10-22,MOAB_002,MOAB_002-M-37.5-13.5-20171022,NA,NA
0.059,2017-10-02,MOAB_002,MOAB_002-M-28.5-31.5-20171002,8.43,7.27
0.038,2017-10-22,MOAB_002,MOAB_002-M-28.5-31.5-20171022,NA,NA
0.058,2017-10-02,MOAB_002,MOAB_002-M-11-7.5-20171002,7.59,6.73
0.03,2017-10-22,MOAB_002,MOAB_002-M-11-7.5-20171022,NA,NA
0.041,2017-10-04,MOAB_001,MOAB_001-M-13.5-36.5-20171004,8.65,7.39
0.029,2017-10-22,MOAB_001,MOAB_001-M-13.5-36.5-20171022,NA,NA
0.036,2017-10-04,MOAB_001,MOAB_001-M-20-0.5-20171004,8.68,7.48
0.045,2017-10-22,MOAB_001,MOAB_001-M-20-0.5-20171022,NA,NA
0.037,2017-10-04,MOAB_006,MOAB_006-M-3-31-20171004,8.56,7.02
0.027,2017-10-23,MOAB_006,MOAB_006-M-3-31-20171023,NA,NA
0.029,2017-10-04,MOAB_006,MOAB_006-M-6-1-20171004,8.62,7.27
0.024,2017-10-23,MOAB_006,MOAB_006-M-6-1-20171023,NA,NA
0.041,2017-10-04,MOAB_006,MOAB_006-M-38.5-3.5-20171004,8.56,7.24
0.035,2017-10-23,MOAB_006,MOAB_006-M-38.5-3.5-20171023,NA,NA
0.043,2017-10-04,MOAB_004,MOAB_004-M-7-32-20171004,8.64,7.5
0.044,2017-10-23,MOAB_004,MOAB_004-M-7-32-20171023,NA,NA
0.043,2017-10-04,MOAB_004,MOAB_004-M-30-21.5-20171004,8.55,7.41
0.031,2017-10-23,MOAB_004,MOAB_004-M-30-21.5-20171023,NA,NA
0.036,2017-10-04,MOAB_004,MOAB_004-M-28.5-5.5-20171004,8.4,7.4
0.033,2017-10-23,MOAB_004,MOAB_004-M-28.5-5.5-20171023,NA,NA
0.045,2017-10-05,MOAB_001,MOAB_001-M-27-38-20171004,8.57,7.52
0.055,2018-04-01,MOAB_003,MOAB_003-M-25-31-20180401,8.23,7.54
0.046,2018-04-01,MOAB_003,MOAB_003-M-19.5-30-20180401,7.99,7.52
0.05,2018-04-01,MOAB_003,MOAB_003-M-15-4-20180401,8.34,7.63
0.063,2018-04-02,MOAB_001,MOAB_001-M-27-39.5-20180402,8.29,7.59
0.062,2018-04-02,MOAB_001,MOAB_001-M-32-18.5-20180402,8.41,7.63
0.053,2018-04-02,MOAB_001,MOAB_001-M-7-19-20180402,8.67,7.6
0.059,2018-04-02,MOAB_005,MOAB_005-M-24-31.5-20180402,8.16,7.53
0.053,2018-04-02,MOAB_005,MOAB_005-M-6.5-22.5-20180402,8.35,7.54
0.052,2018-04-02,MOAB_005,MOAB_005-M-1.5-16.5-20180402,8.26,7.44
0.056,2018-04-02,MOAB_002,MOAB_002-M-11-9-20180402,8.59,7.51
0.051,2018-04-02,MOAB_002,MOAB_002-M-14.5-31-20180402,8.54,7.82
0.045,2018-04-02,MOAB_002,MOAB_002-M-35.5-2-20180402,8.8,7.54
0.034,2018-04-02,MOAB_006,MOAB_006-M-13-3-20180402,8.7,7.32
0.05,2018-04-02,MOAB_006,MOAB_006-M-32-38-20180402,8.64,7.29
0.055,2018-04-02,MOAB_006,MOAB_006-M-19.5-33.5-20180402,8.66,7.44
0.057,2018-04-03,MOAB_004,MOAB_004-M-21.5-34-20180403,8.42,7.37
0.053,2018-04-03,MOAB_004,MOAB_004-M-38.5-13-20180403,8.51,7.48
0.062,2018-04-03,MOAB_004,MOAB_004-M-3.5-3-20180403,8.41,7.44
0.062,2018-04-03,MOAB_045,MOAB_045-M-31.5-27-20180403,7.97,7.06
NA,2018-04-03,MOAB_045,MOAB_045-M-1-30-20180403,8.04,7.15
0.058,2018-04-03,MOAB_045,MOAB_045-M-33.5-3.5-20180403,8.26,7.49
0.057,2018-04-03,MOAB_047,MOAB_047-M-37-33.5-20180403,8.47,7.43
0.061,2018-04-03,MOAB_047,MOAB_047-M-7.5-33-20180403,8.26,7.15
0.066,2018-04-03,MOAB_047,MOAB_047-M-4.5-16.5-20180403,8.63,7.37
0.063,2018-04-03,MOAB_046,MOAB_046-M-30-38-20180403,8.29,7.47
0.067,2018-04-03,MOAB_046,MOAB_046-M-3.5-33.5-20180403,8.34,7.18
0.065,2018-04-03,MOAB_046,MOAB_046-M-16-6-20180403,7.43,7.02
0.056,2018-04-03,MOAB_044,MOAB_044-M-26-33-20180403,8.61,7.5
0.051,2018-04-03,MOAB_044,MOAB_044-M-35.5-0.5-20180403,8.66,7.45
0.057,2018-04-03,MOAB_044,MOAB_044-M-16-6.5-20180403,8.62,7.3
0.06,2018-06-04,MOAB_003,MOAB_003-M-35.5-17-20180604,8.42,7.9
0.029,2018-06-04,MOAB_003,MOAB_003-M-15.5-37.5-20180604,8.33,7.73
0.032,2018-06-04,MOAB_003,MOAB_003-M-5.5-10.5-20180604,8.21,7.67
0.02,2018-06-04,MOAB_005,MOAB_005-M-7-4.5-20180604,8.4,7.62
0.02,2018-06-04,MOAB_005,MOAB_005-M-34-10-20180604,8.39,7.64
0.021,2018-06-04,MOAB_005,MOAB_005-M-38-37-20180604,8.37,7.65
0.018,2018-06-04,MOAB_002,MOAB_002-M-36.5-27.5-20180604,8.48,7.65
0.02,2018-06-04,MOAB_002,MOAB_002-M-34.5-3-20180604,8.47,7.69
0.03,2018-06-04,MOAB_002,MOAB_002-M-5-6.5-20180604,8.5,7.74
0.019,2018-06-04,MOAB_001,MOAB_001-M-36.5-13-20180604,8.48,7.62
0.021,2018-06-04,MOAB_001,MOAB_001-M-32.5-25-20180604,8.2,7.59
0.018,2018-06-04,MOAB_001,MOAB_001-M-0.5-19.5-20180604,8.32,7.66
0.015,2018-06-05,MOAB_006,MOAB_006-M-38.5-29.5-20180605,8.52,7.6
0.013,2018-06-05,MOAB_006,MOAB_006-M-2.5-28.5-20180605,8.52,7.65
0.007,2018-06-05,MOAB_006,MOAB_006-M-6.5-5.5-20180605,8.37,7.43
0.022,2018-06-05,MOAB_004,MOAB_004-M-20.5-31-20180605,8.67,7.76
0.018,2018-06-05,MOAB_004,MOAB_004-M-9-28-20180605,8.73,7.79
0.022,2018-06-05,MOAB_004,MOAB_004-M-5.5-15-20180605,8.65,7.71
0.025,2018-06-05,MOAB_046,MOAB_046-M-22-31.5-20180605,8.33,7.51
0.033,2018-06-05,MOAB_046,MOAB_046-M-26.5-4.5-20180605,8.57,7.76
0.022,2018-06-05,MOAB_046,MOAB_046-M-1.5-20.5-20180605,8.42,7.44
0.019,2018-06-05,MOAB_045,MOAB_045-M-17.5-39.5-20180605,8.46,7.6
0.019,2018-06-05,MOAB_045,MOAB_045-M-34-10-20180605,8.51,7.77
0.024,2018-06-05,MOAB_045,MOAB_045-M-0-2-20180605,8.24,7.52
0.02,2018-06-06,MOAB_047,MOAB_047-M-27-36.5-20180606,8.46,7.79
0.018,2018-06-06,MOAB_047,MOAB_047-M-30-19.5-20180606,8.39,7.75
0.022,2018-06-06,MOAB_047,MOAB_047-M-5.5-1-20180606,8.32,7.66
0.018,2018-06-06,MOAB_044,MOAB_044-M-31.5-37.5-20180606,8.66,7.72
0.025,2018-06-06,MOAB_044,MOAB_044-M-11.5-30-20180606,8.56,7.7
0.023,2018-06-06,MOAB_044,MOAB_044-M-0.5-8-20180606,8.63,7.76
0.05,2018-10-02,MOAB_003,MOAB_003-M-36-16-20181001,8.34,7.72
0.051,2018-10-02,MOAB_003,MOAB_003-M-23-35-20181001,8.2,7.85
0.048,2018-10-02,MOAB_003,MOAB_003-M-3-36.5-20181001,8.23,7.82
0.055,2018-10-02,MOAB_005,MOAB_005-M-33-27.5-20181002,8.56,7.78
0.037,2018-10-02,MOAB_005,MOAB_005-M-22.5-8.5-20181002,8.54,7.72
0.046,2018-10-02,MOAB_005,MOAB_005-M-10-5.5-20181002,8.6,7.76
0.041,2018-10-02,MOAB_002,MOAB_002-M-18.5-37-20181002,8.26,7.63
0.041,2018-10-02,MOAB_002,MOAB_002-M-37.5-4-20181002,8.46,7.61
0.039,2018-10-02,MOAB_002,MOAB_002-M-12-4-20181002,7.85,7.39
0.052,2018-10-02,MOAB_001,MOAB_001-M-1.5-31.5-20181002,8.26,7.98
0.043,2018-10-02,MOAB_001,MOAB_001-M-35.5-3-20181002,8.62,7.79
0.048,2018-10-02,MOAB_001,MOAB_001-M-2.5-16.5-20181002,8.43,7.76
0.034,2018-10-02,MOAB_006,MOAB_006-M-37.5-20-20181002,8.78,7.95
0.028,2018-10-02,MOAB_006,MOAB_006-M-7-28.5-20181002,8.69,7.96
0.042,2018-10-02,MOAB_006,MOAB_006-M-1-8.5-20181002,8.92,7.94
0.039,2018-10-02,MOAB_004,MOAB_004-M-30-33-20181002,8.49,7.76
0.028,2018-10-02,MOAB_004,MOAB_004-M-8.5-38.5-20181002,8.46,7.83
0.038,2018-10-02,MOAB_004,MOAB_004-M-35.5-4.5-20181002,8.56,7.82
0.034,2018-10-03,MOAB_046,MOAB_046-M-28-35.5-20181003,8.6,7.57
0.043,2018-10-03,MOAB_046,MOAB_046-M-38-2.5-20181003,8.57,7.89
0.039,2018-10-03,MOAB_046,MOAB_046-M-4.5-22-20181003,8.32,7.59
0.037,2018-10-03,MOAB_045,MOAB_045-M-8-25-20181003,8.51,7.62
0.04,2018-10-03,MOAB_045,MOAB_045-M-29-1-20181003,8.48,8
0.038,2018-10-03,MOAB_045,MOAB_045-M-5.5-3.5-20181003,8.62,7.54
0.037,2018-10-03,MOAB_047,MOAB_047-M-29.5-35-20181003,7.95,7.43
0.034,2018-10-03,MOAB_047,MOAB_047-M-21.5-5.5-20181003,8.67,8.01
0.032,2018-10-03,MOAB_047,MOAB_047-M-11.5-2.5-20181003,8.69,7.67
0.043,2018-10-03,MOAB_044,MOAB_044-M-28.5-37.5-20181003,8.7,8
0.04,2018-10-03,MOAB_044,MOAB_044-M-7-34.5-20181003,8.68,7.99
0.036,2018-10-03,MOAB_044,MOAB_044-M-35.5-9.5-20181003,8.66,7.76
0.251,2019-04-01,MOAB_003,MOAB_003-M-7.5-29.5-20190401,8.27,8.08
0.196,2019-04-01,MOAB_003,MOAB_003-M-13.5-9-20190401,8.35,8.22
0.126,2019-04-01,MOAB_003,MOAB_003-M-38-4-20190401,8.5,8.26
0.08,2019-04-02,MOAB_005,MOAB_005-M-32.5-9-20190402,8.67,8.39
0.082,2019-04-02,MOAB_005,MOAB_005-M-14.5-5-20190402,8.54,8.32
0.094,2019-04-02,MOAB_005,MOAB_005-M-4-38.5-20190402,8.6,8.24
0.066,2019-04-02,MOAB_002,MOAB_002-M-38.5-35-20190402,8.69,8.29
0.089,2019-04-02,MOAB_002,MOAB_002-M-24-7.5-20190402,8.6,10.05
0.08,2019-04-02,MOAB_002,MOAB_002-M-7.5-3.5-20190402,8.55,8.19
0.079,2019-04-02,MOAB_006,MOAB_006-M-38-5.5-20190402,6.6,8.36
0.067,2019-04-02,MOAB_006,MOAB_006-M-8.5-38.5-20190402,8.73,8.4
0.039,2019-04-02,MOAB_006,MOAB_006-M-3.5-13.5-20190402,9.07,8.79
0.082,2019-04-02,MOAB_004,MOAB_004-M-1-37.5-20190402,8.85,8.43
0.087,2019-04-02,MOAB_004,MOAB_004-M-36.5-16-20190402,8.65,8.35
0.073,2019-04-02,MOAB_004,MOAB_004-M-14-1-20190402,8.7,8.33
0.119,2019-04-02,MOAB_001,MOAB_001-M-31-30-20190402,8.55,8.31
0.099,2019-04-02,MOAB_001,MOAB_001-M-38.5-8-20190402,8.62,8.32
0.085,2019-04-02,MOAB_001,MOAB_001-M-13-0-20190402,8.62,8.35
0.079,2019-04-03,MOAB_046,MOAB_046-M-4-27.5-20190403,8.68,8.17
0.074,2019-04-03,MOAB_046,MOAB_046-M-12.5-8.5-20190403,8.58,8.18
0.089,2019-04-03,MOAB_046,MOAB_046-M-36-1-20190403,8.62,8.24
0.098,2019-04-03,MOAB_045,MOAB_045-M-28-39-20190403,8.3,8.27
0.095,2019-04-03,MOAB_045,MOAB_045-M-35-18.5-20190403,8.45,8.24
0.087,2019-04-03,MOAB_045,MOAB_045-M-1-2-20190403,8.64,8.2
0.082,2019-04-03,MOAB_047,MOAB_047-M-13.5-6-20190403,8.66,8.3
0.093,2019-04-03,MOAB_047,MOAB_047-M-33-35-20190403,8.59,8.24
0.095,2019-04-03,MOAB_047,MOAB_047-M-36.5-13-20190403,8.67,8.33
0.08,2019-04-03,MOAB_044,MOAB_044-M-13.5-36-20190403,8.71,8.39
0.103,2019-04-03,MOAB_044,MOAB_044-M-28-6-20190403,8.81,8.36
0.092,2019-04-03,MOAB_044,MOAB_044-M-30-26-20190403,8.6,8.36
0.008,2015-06-26,JORN_001,JORN_001-M-31.5-0.5-20150626,6.83,5.89
0.019,2015-06-26,JORN_001,JORN_001-M-39.5-27-20150626,7.22,6.75
0.037,2015-06-26,JORN_001,JORN_001-M-8.5-22.5-20150626,8,7.49
0.012,2015-06-26,JORN_047,JORN_047-M-38.5-39.5-20150626,7.59,6.82
0.005,2015-06-26,JORN_047,JORN_047-M-15.5-3.5-20150626,8.07,7.39
0.02,2015-06-26,JORN_047,JORN_047-M-36.5-16.5-20150626,8.14,7.66
0.004,2015-06-26,JORN_003,JORN_003-M-2.5-0.5-20150626,7.97,7.43
0.008,2015-06-26,JORN_045,JORN_045-M-6.5-7.5-20150626,7.25,6.76
0.012,2015-06-26,JORN_003,JORN_003-M-12.5-34-20150626,7.99,7.65
0.005,2015-06-26,JORN_045,JORN_045-M-32.5-18-20150626,7.32,6.92
0.01,2015-06-26,JORN_045,JORN_045-M-33.5-30.5-20150626,7.43,6.78
0.012,2015-06-26,JORN_003,JORN_003-M-33.5-36.5-20150626,7.86,7.32
0.012,2015-06-26,JORN_005,JORN_005-M-3-0-20150626,7.89,7.57
0.014,2015-06-26,JORN_005,JORN_005-M-5.5-28.5-20150626,7.97,7.38
0.009,2015-06-26,JORN_005,JORN_005-M-35-13-20150626,7.87,7.39
0.006,2015-06-27,JORN_002,JORN_002-M-12-30.5-20150627,7.25,6.84
0.009,2015-06-27,JORN_002,JORN_002-M-33-17.5-20150627,7.72,7.12
0.012,2015-06-27,JORN_004,JORN_004-M-0.5-35-20150627,7.6,7.45
0.009,2015-06-27,JORN_002,JORN_002-M-2.5-10.5-20150627,7.62,7.02
0.017,2015-06-27,JORN_004,JORN_004-M-8.5-11-20150627,8.01,7.46
0.019,2015-06-27,JORN_004,JORN_004-M-36-38-20150627,7.95,7.37
0.012,2015-06-27,JORN_044,JORN_044-M-39.5-9.5-20150627,7.95,7.51
0.007,2015-06-27,JORN_044,JORN_044-M-39-31-20150627,7.96,7.46
0.012,2015-06-27,JORN_044,JORN_044-M-16.5-38-20150627,7.98,7.56
0.009,2015-06-27,JORN_042,JORN_042-M-1-19-20150627,7.98,7.57
0.01,2015-06-27,JORN_042,JORN_042-M-31-0-20150627,7.77,7.27
0.009,2015-06-27,JORN_042,JORN_042-M-30.5-20.5-20150627,7.2,6.89
0.012,2015-06-27,JORN_006,JORN_006-M-8-28-20150627,7.98,7.41
0.008,2015-06-27,JORN_006,JORN_006-M-31.5-38.5-20150627,7.45,7.04
0.01,2015-06-27,JORN_006,JORN_006-M-9-3.5-20150627,8.03,7.46
0.014,2015-07-27,JORN_047,JORN_047-M-0-6-20150727,8.34,NA
0.015,2015-07-27,JORN_047,JORN_047-M-32-10-20150727,8.53,NA
0.011,2015-07-28,JORN_047,JORN_047-M-23-39.5-20150727,7.7,NA
0.009,2015-07-28,JORN_042,JORN_042-M-12.5-31-20150727,7.78,NA
0.013,2015-07-28,JORN_042,JORN_042-M-7-12.5-20150727,7.97,NA
0.011,2015-07-28,JORN_042,JORN_042-M-25.5-5.5-20150727,7.45,NA
0.012,2015-07-28,JORN_004,JORN_004-M-16.5-34.5-20150728,7.88,NA
0.011,2015-07-28,JORN_004,JORN_004-M-0-5-20150728,8.41,NA
0.017,2015-07-28,JORN_004,JORN_004-M-33.5-2-20150728,8.45,NA
0.008,2015-07-28,JORN_002,JORN_002-M-15-35.5-20150728,7.26,NA
0.005,2015-07-28,JORN_002,JORN_002-M-11-1-20150728,7.48,NA
0.006,2015-07-28,JORN_006,JORN_006-M-38-8-20150728,7.87,NA
0.013,2015-07-28,JORN_002,JORN_002-M-20.5-8.5-20150728,7.86,NA
0.006,2015-07-28,JORN_006,JORN_006-M-29.5-37-20150728,7.86,NA
0.012,2015-07-28,JORN_006,JORN_006-M-8-29.5-20150728,8.04,NA
0.007,2015-07-28,JORN_001,JORN_001-M-3.5-19-20150728,7.39,NA
0.018,2015-07-28,JORN_005,JORN_005-M-35.5-28.5-20150728,7.45,NA
0.016,2015-07-28,JORN_001,JORN_001-M-26.5-4.5-20150728,7.45,NA
0.011,2015-07-28,JORN_001,JORN_001-M-37.5-25-20150728,7.62,NA
0.013,2015-07-28,JORN_005,JORN_005-M-34.5-2.5-20150728,7.67,NA
0.01,2015-07-28,JORN_005,JORN_005-M-10.5-0.5-20150728,NA,NA
0.008,2015-07-28,JORN_003,JORN_003-M-0.5-35-20150728,8.83,NA
0.007,2015-07-28,JORN_003,JORN_003-M-34.5-31-20150728,7.58,NA
0.01,2015-07-28,JORN_003,JORN_003-M-34.5-17-20150728,8.77,NA
0.011,2015-07-29,JORN_045,JORN_045-M-23-4.5-20150729,8.68,NA
0.035,2015-07-29,JORN_044,JORN_044-M-32-12.5-20150729,8.03,NA
0.02,2015-07-29,JORN_045,JORN_045-M-11.5-38-20150729,8.04,NA
0.016,2015-07-29,JORN_044,JORN_044-M-7.5-3.5-20150729,8.47,NA
0.018,2015-07-29,JORN_045,JORN_045-M-38-21-20150729,7.88,NA
0.017,2015-07-29,JORN_044,JORN_044-M-17.5-33.5-20150729,7.57,NA
0.008,2016-06-21,JORN_004,JORN_004-M-1-19.5-20160621,7.42,7.59
0.008,2016-06-21,JORN_006,JORN_006-M-3.5-18.5-20160621,6.7,6.88
0.005,2016-06-21,JORN_004,JORN_004-M-0-35-20160621,6.95,7.23
0.009,2016-06-21,JORN_006,JORN_006-M-8-20.5-20160621,7.81,7.86
0.013,2016-06-21,JORN_004,JORN_004-M-36-38-20160621,7.42,7.38
0.008,2016-06-21,JORN_006,JORN_006-M-25-35-20160621,7.07,7.06
0.009,2016-06-21,JORN_002,JORN_002-M-9.5-0-20160621,7.45,7.65
0.015,2016-06-21,JORN_047,JORN_047-M-2.5-15.5-20160621,6.97,6.93
0.005,2016-06-21,JORN_002,JORN_002-M-9-22-20160621,6.58,6.77
0.012,2016-06-21,JORN_047,JORN_047-M-32-3.5-20160621,7.27,7.59
0.003,2016-06-21,JORN_002,JORN_002-M-32.5-7.5-20160621,6.33,6.43
0.011,2016-06-21,JORN_047,JORN_047-M-32-27.5-20160621,7.44,7.47
0.017,2016-06-21,JORN_045,JORN_045-M-2.5-15.5-20160621,7.03,6.95
0.008,2016-06-21,JORN_045,JORN_045-M-20-2.5-20160621,7.5,7.7
0.007,2016-06-21,JORN_045,JORN_045-M-35-26-20160621,7,7.43
0.019,2016-06-21,JORN_001,JORN_001-M-35-3-20160621,7.09,7.11
0.016,2016-06-21,JORN_001,JORN_001-M-27-34-20160621,7.17,7.48
0.005,2016-06-21,JORN_042,JORN_042-M-3.5-16-20160621,7.46,7.68
0.005,2016-06-21,JORN_001,JORN_001-M-9.5-24.5-20160621,6.7,6.66
0.006,2016-06-21,JORN_042,JORN_042-M-31.5-6.5-20160621,7.37,7.51
0.007,2016-06-21,JORN_042,JORN_042-M-33-21.5-20160621,7.15,7.4
0.005,2016-06-21,JORN_044,JORN_044-M-34.5-5.5-20160621,7.82,7.98
0.007,2016-06-21,JORN_003,JORN_003-M-4.5-0.5-20160621,7.42,7.76
0.01,2016-06-21,JORN_044,JORN_044-M-8-35.5-20160621,7.66,7.68
0.005,2016-06-21,JORN_003,JORN_003-M-0-27-20160621,7.55,7.94
0.005,2016-06-21,JORN_044,JORN_044-M-34-39-20160621,7.63,7.7
0.005,2016-06-21,JORN_003,JORN_003-M-34.5-34-20160621,6.88,6.95
0.006,2016-06-21,JORN_005,JORN_005-M-14.5-1.5-20160621,6.86,7.17
0.01,2016-06-21,JORN_005,JORN_005-M-39-9-20160621,7.2,7.41
0.006,2016-06-21,JORN_005,JORN_005-M-11.5-37.5-20160621,7.57,7.76
0.011,2016-07-19,JORN_006,JORN_006-M-21.5-9.5-20160719,7.84,7.89
0.007,2016-07-19,JORN_004,JORN_004-M-26.5-3-20160719,7.02,7.11
0.012,2016-07-19,JORN_006,JORN_006-M-8-20-20160719,7.95,7.96
0.013,2016-07-19,JORN_004,JORN_004-M-10-4-20160719,7.69,7.84
0.01,2016-07-19,JORN_006,JORN_006-M-25.5-35.5-20160719,7.16,7.58
0.01,2016-07-19,JORN_004,JORN_004-M-2.5-35.5-20160719,7.97,8.05
0.011,2016-07-19,JORN_045,JORN_045-M-30-16.5-20160719,7.2,7.46
0.015,2016-07-19,JORN_045,JORN_045-M-15.5-38-20160719,7.12,7.33
0.008,2016-07-19,JORN_045,JORN_045-M-37-36-20160719,8.11,8.25
0.011,2016-07-19,JORN_002,JORN_002-M-7-19.5-20160719,6.59,6.73
0.009,2016-07-19,JORN_002,JORN_002-M-39-15.5-20160719,6.92,7.07
0.015,2016-07-19,JORN_047,JORN_047-M-4.5-7-20160719,6.91,6.98
0.011,2016-07-19,JORN_047,JORN_047-M-39-14-20160719,7.82,7.84
0.013,2016-07-19,JORN_002,JORN_002-M-10.5-33.5-20160719,7.05,7.42
0.01,2016-07-19,JORN_047,JORN_047-M-22.5-35-20160719,7.83,7.97
0.011,2016-07-19,JORN_042,JORN_042-M-6-5.5-20160719,7.97,8.04
0.012,2016-07-19,JORN_042,JORN_042-M-23.5-1-20160719,7.81,8.01
0.007,2016-07-19,JORN_003,JORN_003-M-23-0.5-20160719,7.13,7.31
0.011,2016-07-19,JORN_042,JORN_042-M-16-34.5-20160719,7.69,7.85
0.008,2016-07-19,JORN_003,JORN_003-M-0-23-20160719,8.04,8.2
0.009,2016-07-19,JORN_003,JORN_003-M-36.5-27.5-20160719,7.91,8.01
0.01,2016-07-19,JORN_044,JORN_044-M-2-3-20160719,7.87,8
0.011,2016-07-19,JORN_044,JORN_044-M-28.5-2-20160719,8.14,8.13
0.012,2016-07-19,JORN_044,JORN_044-M-0.5-28-20160719,7.8,7.84
0.019,2016-07-19,JORN_001,JORN_001-M-28.5-36.5-20160719,6.97,7.32
0.017,2016-07-19,JORN_001,JORN_001-M-8-17.5-20160719,7.29,7.53
0.023,2016-07-19,JORN_001,JORN_001-M-38.5-3.5-20160719,6.89,7.14
0.006,2016-07-19,JORN_005,JORN_005-M-16.5-8.5-20160719,8.24,8.25
0.01,2016-07-19,JORN_005,JORN_005-M-34-14-20160719,7.59,7.64
0.011,2016-07-19,JORN_005,JORN_005-M-32-35-20160719,7.91,8.05
0.021,2016-10-18,JORN_004,JORN_004-M-34.5-6-20161018,7.98,7.7
0.022,2016-10-18,JORN_004,JORN_004-M-13-32-20161018,8.2,8.05
0.015,2016-10-18,JORN_042,JORN_042-M-14.5-6.5-20161018,8.06,7.52
0.018,2016-10-18,JORN_042,JORN_042-M-36.5-4-20161018,8.1,7.87
0.018,2016-10-18,JORN_006,JORN_006-M-31-11.5-20161018,7.82,7.49
0.026,2016-10-18,JORN_042,JORN_042-M-25.5-31-20161018,8.15,7.96
0.017,2016-10-18,JORN_006,JORN_006-M-32.5-24-20161018,8.03,7.86
0.018,2016-10-18,JORN_006,JORN_006-M-7.5-36.5-20161018,8.17,7.98
0.02,2016-10-18,JORN_004,JORN_004-M-33.5-34.5-20161018,8.32,8.07
0.075,2016-10-18,JORN_001,JORN_001-M-39.5-28.5-20161018,7.83,7.63
0.012,2016-10-18,JORN_001,JORN_001-M-14.5-39.5-20161018,7.54,7.75
0.022,2016-10-18,JORN_001,JORN_001-M-32.5-4-20161018,7.77,7.56
0.017,2016-10-18,JORN_047,JORN_047-M-33.5-6.5-20161018,7.98,7.83
0.018,2016-10-18,JORN_047,JORN_047-M-4-20.5-20161018,8.12,7.89
0.019,2016-10-18,JORN_047,JORN_047-M-32.5-24.5-20161018,8.3,8.09
0.017,2016-10-18,JORN_003,JORN_003-M-14.5-9-20161018,8.15,7.99
0.019,2016-10-18,JORN_003,JORN_003-M-39.5-18.5-20161018,8.09,7.88
0.015,2016-10-18,JORN_045,JORN_045-M-3-9-20161018,7.73,7.39
0.018,2016-10-18,JORN_003,JORN_003-M-37-28-20161018,8.11,7.96
0.018,2016-10-18,JORN_045,JORN_045-M-30-10-20161018,7.94,7.72
0.02,2016-10-18,JORN_045,JORN_045-M-30.5-33-20161018,7.98,7.67
0.018,2016-10-18,JORN_044,JORN_044-M-33-3.5-20161018,8.12,7.93
0.017,2016-10-18,JORN_044,JORN_044-M-10-30.5-20161018,7.68,7.39
0.023,2016-10-18,JORN_044,JORN_044-M-22-32.5-20161018,8.16,8.04
0.015,2016-10-18,JORN_002,JORN_002-M-6.5-6-20161018,7.97,7.61
0.011,2016-10-18,JORN_002,JORN_002-M-6.5-38-20161018,7.87,7.54
0.014,2016-10-18,JORN_002,JORN_002-M-38-27-20161018,7.99,7.64
0.017,2016-10-19,JORN_005,JORN_005-M-29-7.5-20161019,8.06,7.88
0.016,2016-10-19,JORN_005,JORN_005-M-19.5-30.5-20161019,8.07,7.86
0.013,2016-10-19,JORN_005,JORN_005-M-32-28-20161019,8.08,7.83
0.047,2017-06-27,JORN_045,JORN_045-M-6.5-7-20170627,7.93,6.62
0.04,2017-06-27,JORN_045,JORN_045-M-4.5-35-20170627,8.44,7.27
0.049,2017-06-27,JORN_045,JORN_045-M-31-34.5-20170627,8.3,6.87
0.056,2017-06-27,JORN_004,JORN_004-M-3-11.5-20170627,8.57,7.2
0.053,2017-06-27,JORN_004,JORN_004-M-1.5-24-20170627,8.21,6.97
0.047,2017-06-27,JORN_047,JORN_047-M-9-23.5-20170627,7.93,6.62
0.05,2017-06-27,JORN_004,JORN_004-M-24.5-33.5-20170627,8.54,7.57
0.05,2017-06-27,JORN_047,JORN_047-M-34.5-35-20170627,8.44,7.31
0.058,2017-06-27,JORN_047,JORN_047-M-38.5-9.5-20170627,8.48,7.19
0.055,2017-06-27,JORN_002,JORN_002-M-8-18-20170627,7.6,6.34
0.056,2017-06-27,JORN_002,JORN_002-M-8-38-20170627,7.12,6.43
0.042,2017-06-27,JORN_042,JORN_042-M-11-39.5-20170627,8.63,7.28
0.063,2017-06-27,JORN_002,JORN_002-M-31.5-6.5-20170627,8.45,7.67
0.04,2017-06-27,JORN_042,JORN_042-M-10-1-20170627,8.61,6.99
0.04,2017-06-27,JORN_042,JORN_042-M-34.5-31-20170627,8.63,7.17
0.063,2017-06-27,JORN_003,JORN_003-M-30.5-19.5-20170627,8.5,7.66
0.058,2017-06-27,JORN_003,JORN_003-M-36-36.5-20170627,8.85,7.49
0.047,2017-06-27,JORN_044,JORN_044-M-23.5-3-20170627,8.8,7.71
0.057,2017-06-27,JORN_003,JORN_003-M-8-35.5-20170627,8.67,7.84
0.052,2017-06-27,JORN_044,JORN_044-M-8.5-14.5-20170627,8.55,7.46
0.048,2017-06-27,JORN_044,JORN_044-M-35.5-36.5-20170627,8.66,7.41
0.058,2017-06-27,JORN_001,JORN_001-M-15-31-20170627,7.99,6.89
0.067,2017-06-27,JORN_001,JORN_001-M-25.5-30-20170627,7.39,6.72
0.086,2017-06-27,JORN_001,JORN_001-M-4-4.5-20170627,8.38,7.29
0.061,2017-06-27,JORN_006,JORN_006-M-0-36-20170627,8.59,7.08
0.05,2017-06-27,JORN_006,JORN_006-M-17.5-2-20170627,8.38,7.07
0.064,2017-06-27,JORN_006,JORN_006-M-36.5-8.5-20170627,8.47,7.06
0.042,2017-06-27,JORN_005,JORN_005-M-0-15.5-20170627,8.53,7.44
0.037,2017-06-27,JORN_005,JORN_005-M-9-22-20170627,8.46,7.48
0.042,2017-06-27,JORN_005,JORN_005-M-21-31.5-20170627,8.42,7.25
0.037,2017-07-18,JORN_045,JORN_045-M-6.5-7-20170718,NA,NA
0.031,2017-07-18,JORN_045,JORN_045-M-4.5-35-20170718,NA,NA
0.028,2017-07-18,JORN_045,JORN_045-M-31-34.5-20170718,NA,NA
0.016,2017-07-18,JORN_004,JORN_004-M-3-11.5-20170718,NA,NA
0.025,2017-07-18,JORN_004,JORN_004-M-1.5-24-20170718,NA,NA
0.026,2017-07-18,JORN_047,JORN_047-M-9-23.5-20170718,NA,NA
0.032,2017-07-18,JORN_004,JORN_004-M-24.5-33.5-20170718,NA,NA
0.031,2017-07-18,JORN_047,JORN_047-M-34.5-35-20170718,NA,NA
0.028,2017-07-18,JORN_047,JORN_047-M-38.5-9.5-20170718,NA,NA
0.034,2017-07-18,JORN_002,JORN_002-M-8-18-20170718,NA,NA
0.031,2017-07-18,JORN_002,JORN_002-M-8-38-20170718,NA,NA
0.029,2017-07-18,JORN_042,JORN_042-M-11-39.5-20170718,NA,NA
0.022,2017-07-18,JORN_002,JORN_002-M-31.5-6.5-20170718,NA,NA
0.029,2017-07-18,JORN_042,JORN_042-M-10-1-20170718,NA,NA
0.035,2017-07-18,JORN_042,JORN_042-M-34.5-31-20170718,NA,NA
0.031,2017-07-18,JORN_003,JORN_003-M-30.5-19.5-20170718,NA,NA
0.034,2017-07-18,JORN_003,JORN_003-M-36-36.5-20170718,NA,NA
0.03,2017-07-18,JORN_044,JORN_044-M-23.5-3-20170718,NA,NA
0.03,2017-07-18,JORN_003,JORN_003-M-8-35.5-20170718,NA,NA
0.025,2017-07-18,JORN_044,JORN_044-M-8.5-14.5-20170718,NA,NA
0.029,2017-07-18,JORN_044,JORN_044-M-35.5-36.5-20170718,NA,NA
0.015,2017-07-18,JORN_001,JORN_001-M-15-31-20170718,NA,NA
0.039,2017-07-18,JORN_001,JORN_001-M-25.5-30-20170718,NA,NA
0.057,2017-07-18,JORN_001,JORN_001-M-4-4.5-20170718,NA,NA
0.042,2017-07-18,JORN_006,JORN_006-M-0-36-20170718,NA,NA
0.044,2017-07-18,JORN_006,JORN_006-M-17.5-2-20170718,NA,NA
0.032,2017-07-18,JORN_006,JORN_006-M-36.5-8.5-20170718,NA,NA
0.029,2017-07-18,JORN_005,JORN_005-M-0-15.5-20170718,NA,NA
0.044,2017-07-18,JORN_005,JORN_005-M-9-22-20170718,NA,NA
0.031,2017-07-18,JORN_005,JORN_005-M-21-31.5-20170718,NA,NA
0.058,2017-08-29,JORN_004,JORN_004-M-10-38.5-20170829,NA,NA
0.021,2017-08-08,JORN_004,JORN_004-M-35-30-20170808,8.73,7.4
0.026,2017-08-29,JORN_004,JORN_004-M-35-30-20170829,NA,NA
0.017,2017-08-08,JORN_006,JORN_006-M-0.5-2.5-20170808,8.86,7.42
0.031,2017-08-29,JORN_006,JORN_006-M-0.5-2.5-20170829,NA,NA
0.025,2017-08-08,JORN_006,JORN_006-M-35.5-9.5-20170808,8.72,7.54
0.03,2017-08-29,JORN_006,JORN_006-M-35.5-9.5-20170829,NA,NA
0.027,2017-08-08,JORN_004,JORN_004-M-10-38.5-20170808,8.52,7.39
0.03,2017-08-08,JORN_006,JORN_006-M-39.5-38-20170808,7.91,6.78
0.034,2017-08-29,JORN_006,JORN_006-M-39.5-38-20170829,NA,NA
0.025,2017-08-08,JORN_004,JORN_004-M-18.5-1-20170808,8.53,7.35
0.05,2017-08-29,JORN_004,JORN_004-M-18.5-1-20170829,NA,NA
0.018,2017-08-08,JORN_045,JORN_045-M-29-7.5-20170808,8.69,7.3
0.016,2017-08-29,JORN_045,JORN_045-M-29-7.5-20170829,NA,NA
0.023,2017-08-08,JORN_045,JORN_045-M-14.5-7-20170808,8.73,7.36
0.031,2017-08-29,JORN_045,JORN_045-M-14.5-7-20170829,NA,NA
0.016,2017-08-08,JORN_045,JORN_045-M-6-25-20170808,8.59,7.19
0.022,2017-08-29,JORN_045,JORN_045-M-6-25-20170829,NA,NA
0.022,2017-08-08,JORN_002,JORN_002-M-2-10.5-20170808,7.68,6.83
0.029,2017-08-29,JORN_002,JORN_002-M-2-10.5-20170829,NA,NA
0.03,2017-08-08,JORN_047,JORN_047-M-1-35.5-20170808,8.71,7.36
0.045,2017-08-29,JORN_047,JORN_047-M-1-35.5-20170829,NA,NA
0.03,2017-08-08,JORN_002,JORN_002-M-9-31-20170808,7.66,6.97
0.049,2017-08-29,JORN_002,JORN_002-M-9-31-20170829,NA,NA
0.028,2017-08-08,JORN_047,JORN_047-M-17.5-9-20170808,8.6,7.3
0.034,2017-08-29,JORN_047,JORN_047-M-17.5-9-20170829,NA,NA
0.026,2017-08-08,JORN_002,JORN_002-M-36-29-20170808,8.58,7.18
0.042,2017-08-29,JORN_002,JORN_002-M-36-29-20170829,NA,NA
0.026,2017-08-08,JORN_047,JORN_047-M-30-12-20170808,8.91,7.48
0.029,2017-08-29,JORN_047,JORN_047-M-30-12-20170829,NA,NA
0.019,2017-08-08,JORN_003,JORN_003-M-22-7-20170808,8.66,7.6
0.046,2017-08-29,JORN_003,JORN_003-M-22-7-20170829,NA,NA
0.023,2017-08-08,JORN_042,JORN_042-M-17.5-34.5-20170808,7.96,7.11
0.031,2017-08-29,JORN_042,JORN_042-M-17.5-34.5-20170829,NA,NA
0.019,2017-08-08,JORN_042,JORN_042-M-27-39-20170808,8.74,7.2
0.032,2017-08-29,JORN_042,JORN_042-M-27-39-20170829,NA,NA
0.021,2017-08-08,JORN_042,JORN_042-M-0.5-8.5-20170808,8.61,7.06
0.03,2017-08-29,JORN_042,JORN_042-M-0.5-8.5-20170829,NA,NA
0.026,2017-08-08,JORN_003,JORN_003-M-7.5-24-20170808,8.82,7.33
0.048,2017-08-29,JORN_003,JORN_003-M-7.5-24-20170829,NA,NA
0.022,2017-08-08,JORN_044,JORN_044-M-9-39.5-20170808,8.66,6.97
0.052,2017-08-29,JORN_044,JORN_044-M-9-39.5-20170829,NA,NA
0.03,2017-08-08,JORN_003,JORN_003-M-21-38-20170808,8.66,7.57
0.036,2017-08-29,JORN_003,JORN_003-M-21-38-20170829,NA,NA
0.027,2017-08-08,JORN_044,JORN_044-M-23-31.5-20170808,8.75,6.98
0.04,2017-08-29,JORN_044,JORN_044-M-23-31.5-20170829,NA,NA
0.024,2017-08-08,JORN_044,JORN_044-M-7-13.5-20170808,8.76,7.31
0.044,2017-08-29,JORN_044,JORN_044-M-7-13.5-20170829,NA,NA
0.021,2017-08-08,JORN_001,JORN_001-M-21-38.5-20170808,8.04,7.61
0.051,2017-08-29,JORN_001,JORN_001-M-21-38.5-20170829,NA,NA
0.016,2017-08-08,JORN_001,JORN_001-M-12-36.5-20170808,8.64,7.56
0.047,2017-08-29,JORN_001,JORN_001-M-12-36.5-20170829,NA,NA
0.029,2017-08-08,JORN_001,JORN_001-M-31-11.5-20170808,7.58,6.59
0.086,2017-08-29,JORN_001,JORN_001-M-31-11.5-20170829,NA,NA
0.04,2017-08-08,JORN_005,JORN_005-M-4-17.5-20170808,8.72,7.43
0.069,2017-08-29,JORN_005,JORN_005-M-4-17.5-20170829,NA,NA
0.028,2017-08-08,JORN_005,JORN_005-M-35.5-19.5-20170808,8.51,7.31
0.047,2017-08-29,JORN_005,JORN_005-M-35.5-19.5-20170829,NA,NA
0.04,2017-08-08,JORN_005,JORN_005-M-36.5-35.5-20170808,8.35,7.14
0.079,2017-08-29,JORN_005,JORN_005-M-36.5-35.5-20170829,NA,NA
0.034,2017-10-24,JORN_004,JORN_004-M-39.5-4.5-20171024,7.28,6.35
0.033,2017-10-24,JORN_004,JORN_004-M-37-31-20171024,8.25,7.32
0.031,2017-10-24,JORN_006,JORN_006-M-11.5-38.5-20171024,7.85,6.76
0.03,2017-10-24,JORN_006,JORN_006-M-22.5-37.5-20171024,7.32,6.59
0.03,2017-10-24,JORN_004,JORN_004-M-1.5-22-20171024,8.13,6.92
0.03,2017-10-24,JORN_006,JORN_006-M-35.5-8.5-20171024,7.93,6.69
0.028,2017-10-24,JORN_047,JORN_047-M-36-13-20171024,8.41,6.98
0.03,2017-10-24,JORN_047,JORN_047-M-36-24.5-20171024,7.35,6.34
0.026,2017-10-24,JORN_047,JORN_047-M-11.5-35-20171024,8.37,6.96
0.024,2017-10-24,JORN_045,JORN_045-M-3.5-26.5-20171024,8.34,7.04
0.029,2017-10-24,JORN_002,JORN_002-M-35-20.5-20171024,7.41,6.53
0.027,2017-10-24,JORN_045,JORN_045-M-14-1.5-20171024,8.35,6.91
0.029,2017-10-24,JORN_045,JORN_045-M-39-33.5-20171024,7.96,6.66
0.028,2017-10-24,JORN_002,JORN_002-M-17.5-37-20171024,7.16,6.5
0.029,2017-10-24,JORN_002,JORN_002-M-12.5-7-20171024,7.33,6.55
0.021,2017-10-24,JORN_044,JORN_044-M-1-10.5-20171024,8.1,7.02
0.035,2017-10-24,JORN_044,JORN_044-M-14-35-20171024,8.01,6.65
0.029,2017-10-24,JORN_044,JORN_044-M-39.5-33-20171024,8.12,7.03
0.027,2017-10-24,JORN_001,JORN_001-M-22.5-5.5-20171024,7.18,6.53
0.034,2017-10-24,JORN_001,JORN_001-M-0-29.5-20171024,7.92,6.88
0.031,2017-10-24,JORN_042,JORN_042-M-5.5-12-20171024,8.13,6.88
0.03,2017-10-24,JORN_042,JORN_042-M-37-12-20171024,8.26,7.21
0.038,2017-10-24,JORN_001,JORN_001-M-22-34-20171024,7.34,6.43
0.032,2017-10-24,JORN_042,JORN_042-M-25.5-34.5-20171024,8.1,6.69
0.027,2017-10-24,JORN_003,JORN_003-M-37-13.5-20171024,8.14,6.96
0.021,2017-10-24,JORN_003,JORN_003-M-37-38-20171024,8.26,7.13
0.02,2017-10-24,JORN_003,JORN_003-M-4-16.5-20171024,8.27,7.16
0.032,2017-10-24,JORN_005,JORN_005-M-18.5-2.5-20171024,7.35,6.32
0.033,2017-10-24,JORN_005,JORN_005-M-32-14-20171024,8.11,6.87
0.028,2017-10-24,JORN_005,JORN_005-M-16.5-36.5-20171024,8.31,7.28
0.024,2017-11-14,JORN_006,JORN_006-M-11.5-38.5-20171114,NA,NA
0.027,2017-11-14,JORN_006,JORN_006-M-22.5-37.5-20171114,NA,NA
0.022,2017-11-14,JORN_004,JORN_004-M-39.5-4.5-20171114,NA,NA
0.029,2017-11-14,JORN_006,JORN_006-M-35.5-8.5-20171114,NA,NA
0.035,2017-11-14,JORN_004,JORN_004-M-37-31-20171114,NA,NA
0.022,2017-11-14,JORN_004,JORN_004-M-1.5-22-20171114,NA,NA
0.023,2017-11-14,JORN_045,JORN_045-M-3.5-26.5-20171114,NA,NA
0.026,2017-11-14,JORN_045,JORN_045-M-14-1.5-20171114,NA,NA
0.022,2017-11-14,JORN_045,JORN_045-M-39-33.5-20171114,NA,NA
0.028,2017-11-14,JORN_047,JORN_047-M-36-13-20171114,NA,NA
0.023,2017-11-14,JORN_047,JORN_047-M-36-24.5-20171114,NA,NA
0.021,2017-11-14,JORN_047,JORN_047-M-11.5-35-20171114,NA,NA
0.018,2017-11-14,JORN_002,JORN_002-M-35-20.5-20171114,NA,NA
0.02,2017-11-14,JORN_002,JORN_002-M-17.5-37-20171114,NA,NA
0.027,2017-11-14,JORN_002,JORN_002-M-12.5-7-20171114,NA,NA
0.031,2017-11-14,JORN_042,JORN_042-M-25.5-34.5-20171114,NA,NA
0.025,2017-11-14,JORN_044,JORN_044-M-1-10.5-20171114,NA,NA
0.026,2017-11-14,JORN_044,JORN_044-M-14-35-20171114,NA,NA
0.024,2017-11-14,JORN_044,JORN_044-M-39.5-33-20171114,NA,NA
0.021,2017-11-14,JORN_001,JORN_001-M-22.5-5.5-20171114,NA,NA
0.022,2017-11-14,JORN_042,JORN_042-M-5.5-12-20171114,NA,NA
0.021,2017-11-14,JORN_001,JORN_001-M-0-29.5-20171114,NA,NA
0.029,2017-11-14,JORN_042,JORN_042-M-37-12-20171114,NA,NA
0.027,2017-11-14,JORN_001,JORN_001-M-22-34-20171114,NA,NA
0.017,2017-11-14,JORN_003,JORN_003-M-37-13.5-20171114,NA,NA
0.019,2017-11-14,JORN_003,JORN_003-M-37-38-20171114,NA,NA
0.017,2017-11-14,JORN_003,JORN_003-M-4-16.5-20171114,NA,NA
0.023,2017-11-14,JORN_005,JORN_005-M-18.5-2.5-20171114,NA,NA
0.027,2017-11-14,JORN_005,JORN_005-M-32-14-20171114,NA,NA
0.025,2017-11-14,JORN_005,JORN_005-M-16.5-36.5-20171114,NA,NA
0.028,2018-06-26,JORN_005,JORN_005-M-6.5-21-20180626,8.73,7.52
0.022,2018-06-26,JORN_005,JORN_005-M-2.5-18.5-20180626,8.63,7.52
0.02,2018-06-26,JORN_004,JORN_004-M-5.5-15-20180626,8.68,7.5
0.023,2018-06-26,JORN_005,JORN_005-M-24.5-2-20180626,7.25,6.72
0.021,2018-06-26,JORN_004,JORN_004-M-25-33.5-20180626,8.38,7.38
0.021,2018-06-26,JORN_004,JORN_004-M-19-30.5-20180626,8.73,7.49
0.022,2018-06-26,JORN_042,JORN_042-M-1-9.5-20180626,7.97,7.25
0.028,2018-06-26,JORN_042,JORN_042-M-37.5-1-20180626,8.27,7.27
0.03,2018-06-26,JORN_042,JORN_042-M-31.5-20.5-20180626,7.18,6.63
0.031,2018-06-26,JORN_001,JORN_001-M-30.5-16-20180626,7.32,6.85
0.016,2018-06-26,JORN_001,JORN_001-M-10-31-20180626,7.2,6.63
0.027,2018-06-26,JORN_044,JORN_044-M-9-34.5-20180626,8.82,7.5
0.035,2018-06-26,JORN_001,JORN_001-M-33.5-28.5-20180626,8.22,7.11
0.024,2018-06-26,JORN_044,JORN_044-M-30.5-21.5-20180626,7.6,6.88
0.02,2018-06-26,JORN_044,JORN_044-M-22-0-20180626,8.93,7.61
0.014,2018-06-26,JORN_006,JORN_006-M-9-9-20180626,8.88,7.6
0.028,2018-06-26,JORN_047,JORN_047-M-2.5-15-20180626,8.05,7.09
0.023,2018-06-26,JORN_006,JORN_006-M-2.5-35.5-20180626,8.22,7.24
0.02,2018-06-26,JORN_006,JORN_006-M-31.5-26.5-20180626,7.35,6.88
0.022,2018-06-26,JORN_047,JORN_047-M-28.5-0.5-20180626,8.88,7.47
0.033,2018-06-26,JORN_047,JORN_047-M-31-25.5-20180626,8.88,7.48
0.025,2018-06-26,JORN_045,JORN_045-M-8.5-18-20180626,7.45,6.83
0.026,2018-06-26,JORN_045,JORN_045-M-34.5-7-20180626,8.88,7.54
0.016,2018-06-26,JORN_045,JORN_045-M-35-29.5-20180626,7.18,6.71
0.02,2018-06-26,JORN_003,JORN_003-M-2.5-15.5-20180626,8.06,7.38
0.02,2018-06-26,JORN_003,JORN_003-M-0.5-27-20180626,8.85,7.64
0.02,2018-06-26,JORN_003,JORN_003-M-30-29-20180626,8.79,7.6
0.02,2018-06-26,JORN_002,JORN_002-M-5-19.5-20180626,6.89,6.43
0.018,2018-06-26,JORN_002,JORN_002-M-2-26.5-20180626,7.19,6.67
0.019,2018-06-26,JORN_002,JORN_002-M-32-7.5-20180626,8.41,7.42
0.024,2018-08-07,JORN_005,JORN_005-M-0-10.5-20180807,9.15,7.72
0.016,2018-08-07,JORN_004,JORN_004-M-28-7-20180807,7.04,6.1
0.024,2018-08-07,JORN_005,JORN_005-M-25-0-20180807,7.97,6.89
0.017,2018-08-07,JORN_004,JORN_004-M-6.5-11-20180807,8.39,7.2
0.027,2018-08-07,JORN_005,JORN_005-M-32.5-33-20180807,8.02,6.93
0.018,2018-08-07,JORN_004,JORN_004-M-2.5-23.5-20180807,8.91,7.63
0.014,2018-08-07,JORN_002,JORN_002-M-10.5-0-20180807,8.09,7.13
0.014,2018-08-07,JORN_042,JORN_042-M-1-8-20180807,8.64,7.21
0.011,2018-08-07,JORN_002,JORN_002-M-13-33.5-20180807,7.56,6.67
0.019,2018-08-07,JORN_042,JORN_042-M-30.5-5-20180807,8.21,6.9
0.012,2018-08-07,JORN_002,JORN_002-M-36-3-20180807,9.16,7.8
0.018,2018-08-07,JORN_042,JORN_042-M-5-30.5-20180807,9.22,7.72
0.016,2018-08-07,JORN_044,JORN_044-M-0-2.5-20180807,7.96,6.87
0.021,2018-08-07,JORN_044,JORN_044-M-8-21-20180807,8.83,7.27
0.017,2018-08-07,JORN_044,JORN_044-M-35.5-14-20180807,9.2,7.8
0.016,2018-08-07,JORN_006,JORN_006-M-34-35-20180807,9.01,7.65
0.016,2018-08-07,JORN_006,JORN_006-M-27-2-20180807,7.87,6.97
0.017,2018-08-07,JORN_006,JORN_006-M-5-30.5-20180807,9.07,7.6
0.021,2018-08-07,JORN_045,JORN_045-M-35.5-22.5-20180807,7.9,6.9
0.019,2018-08-07,JORN_045,JORN_045-M-9.5-33.5-20180807,9.12,7.49
0.013,2018-08-07,JORN_003,JORN_003-M-35.5-10.5-20180807,8.73,7.59
0.015,2018-08-07,JORN_003,JORN_003-M-35-38.5-20180807,9.09,7.8
0.018,2018-08-07,JORN_045,JORN_045-M-36.5-10.5-20180807,8.95,7.6
0.014,2018-08-07,JORN_003,JORN_003-M-7.5-39.5-20180807,9.22,7.84
0.019,2018-08-07,JORN_047,JORN_047-M-35.5-34-20180807,8.14,6.92
0.031,2018-08-07,JORN_001,JORN_001-M-29.5-31-20180807,7.38,6.77
0.016,2018-08-07,JORN_047,JORN_047-M-8-16-20180807,9.17,7.41
0.024,2018-08-07,JORN_001,JORN_001-M-31.5-1.5-20180807,6.91,7.2
0.018,2018-08-07,JORN_047,JORN_047-M-34-6-20180807,9.13,7.6
0.02,2018-08-07,JORN_001,JORN_001-M-12.5-0-20180807,7.8,6.82
0.043,2018-10-22,JORN_004,JORN_004-M-4-38-20181022,8.7,7.48
0.043,2018-10-22,JORN_004,JORN_004-M-39-38-20181022,8.48,7.36
0.031,2018-10-22,JORN_004,JORN_004-M-38.5-5.5-20181022,7.54,6.61
0.027,2018-10-22,JORN_006,JORN_006-M-5.5-22-20181022,8.03,7.08
0.044,2018-10-22,JORN_006,JORN_006-M-36.5-28.5-20181022,8.68,7.5
0.044,2018-10-22,JORN_006,JORN_006-M-37.5-12-20181022,8.66,7.56
0.091,2018-10-23,JORN_003,JORN_003-M-12-5-20181023,8.72,7.61
0.084,2018-10-23,JORN_003,JORN_003-M-20.5-36.5-20181023,8.72,7.72
0.093,2018-10-23,JORN_044,JORN_044-M-17-37-20181023,8.68,7.53
0.062,2018-10-23,JORN_047,JORN_047-M-38.5-8.5-20181023,8.62,7.53
0.046,2018-10-23,JORN_047,JORN_047-M-33.5-26-20181023,8.57,7.46
0.057,2018-10-23,JORN_047,JORN_047-M-18.5-37.5-20181023,8,6.86
0.071,2018-10-23,JORN_001,JORN_001-M-9.5-24-20181023,8,7.16
0.058,2018-10-23,JORN_045,JORN_045-M-35.5-11.5-20181023,8.69,7.49
0.064,2018-10-23,JORN_045,JORN_045-M-30.5-21.5-20181023,8.24,7.18
0.073,2018-10-23,JORN_001,JORN_001-M-38-14.5-20181023,8.29,7.2
0.121,2018-10-23,JORN_001,JORN_001-M-37-20-20181023,8.49,7.51
0.059,2018-10-23,JORN_045,JORN_045-M-16.5-8.5-20181023,8.68,7.59
0.082,2018-10-23,JORN_042,JORN_042-M-32-22.5-20181023,8.37,7.38
0.094,2018-10-23,JORN_042,JORN_042-M-30-12.5-20181023,8.6,7.59
0.064,2018-10-23,JORN_042,JORN_042-M-9-5-20181023,8.71,7.59
0.066,2018-10-23,JORN_003,JORN_003-M-24-3-20181023,8.76,7.58
0.073,2018-10-23,JORN_044,JORN_044-M-38.5-30-20181023,8.67,7.52
0.086,2018-10-23,JORN_044,JORN_044-M-35.5-9.5-20181023,8.76,7.57
0.054,2018-10-23,JORN_002,JORN_002-M-2-33-20181023,8.22,7.17
0.082,2018-10-23,JORN_005,JORN_005-M-34-15-20181023,8.62,7.47
0.095,2018-10-23,JORN_005,JORN_005-M-33-28.5-20181023,8.74,7.58
NA,2018-10-23,JORN_005,JORN_005-M-11.5-38-20181023,8.44,7.66
0.094,2018-10-23,JORN_002,JORN_002-M-1-10-20181023,8.78,7.65
0.062,2018-10-23,JORN_002,JORN_002-M-34-21.5-20181023,8.74,7.6
0.036,2019-06-18,JORN_044,JORN_044-M-32.5-15-20190618,8.66,7.39
0.023,2019-06-18,JORN_005,JORN_005-M-5-23-20190618,8.97,7.28
0.022,2019-06-18,JORN_004,JORN_004-M-1-33.5-20190618,8.46,7.35
0.034,2019-06-18,JORN_005,JORN_005-M-30-37.5-20190618,8.16,7.12
0.027,2019-06-18,JORN_004,JORN_004-M-38-26-20190618,8.97,7.63
0.024,2019-06-18,JORN_005,JORN_005-M-32.5-19-20190618,8.74,6.83
0.04,2019-06-18,JORN_004,JORN_004-M-33.5-10.5-20190618,8.4,7.23
0.025,2019-06-18,JORN_047,JORN_047-M-30-15-20190618,8.7,7.13
0.024,2019-06-18,JORN_047,JORN_047-M-30-34.5-20190618,8.74,7.28
0.038,2019-06-18,JORN_047,JORN_047-M-18.5-33.5-20190618,7.66,6.69
0.022,2019-06-18,JORN_045,JORN_045-M-39-19-20190618,8.49,7.24
0.029,2019-06-18,JORN_045,JORN_045-M-29-31.5-20190618,8.14,7.06
0.021,2019-06-18,JORN_006,JORN_006-M-9.5-33-20190618,7.96,6.82
0.026,2019-06-18,JORN_045,JORN_045-M-11-7.5-20190618,8.4,7.05
0.024,2019-06-18,JORN_006,JORN_006-M-35.5-33.5-20190618,8.04,6.7
0.025,2019-06-18,JORN_006,JORN_006-M-38-1.5-20190618,8.38,6.74
0.031,2019-06-18,JORN_044,JORN_044-M-0-28-20190618,8.81,7.29
0.039,2019-06-18,JORN_044,JORN_044-M-32-37-20190618,8.91,7.53
0.019,2019-06-18,JORN_003,JORN_003-M-7-11.5-20190618,8.8,7.44
0.036,2019-06-18,JORN_042,JORN_042-M-4-10-20190618,8.48,7.1
0.027,2019-06-18,JORN_003,JORN_003-M-22.5-2-20190618,8.87,7.57
0.029,2019-06-18,JORN_042,JORN_042-M-34.5-10.5-20190618,8.87,7.1
0.04,2019-06-18,JORN_042,JORN_042-M-38-29.5-20190618,8.52,6.93
0.026,2019-06-18,JORN_003,JORN_003-M-29.5-38.5-20190618,9,7.61
0.033,2019-06-18,JORN_001,JORN_001-M-27.5-39.5-20190618,8.87,7.37
0.024,2019-06-18,JORN_002,JORN_002-M-24.5-36.5-20190618,7.87,6.81
0.026,2019-06-18,JORN_001,JORN_001-M-4-37.5-20190618,8.48,7.12
0.017,2019-06-18,JORN_002,JORN_002-M-18.5-32.5-20190618,8.12,6.88
0.02,2019-06-18,JORN_001,JORN_001-M-20-6.5-20190618,7.92,6.94
0.022,2019-06-18,JORN_002,JORN_002-M-0.5-18.5-20190618,8.8,7.38
0.311,2019-08-20,JORN_005,JORN_005-M-12.5-2-20190820,8.15,6.85
0.017,2019-08-20,JORN_005,JORN_005-M-11-38.5-20190820,8.84,7.71
0.019,2019-08-20,JORN_005,JORN_005-M-30.5-38.5-20190820,8.89,7.69
0.021,2019-08-20,JORN_004,JORN_004-M-12.5-0-20190820,8.71,7.69
0.021,2019-08-20,JORN_004,JORN_004-M-0.5-28-20190820,8.53,7.6
0.016,2019-08-20,JORN_004,JORN_004-M-20-38.5-20190820,7.95,6.66
0.021,2019-08-20,JORN_044,JORN_044-M-11-5.5-20190820,8.93,7.68
0.018,2019-08-20,JORN_044,JORN_044-M-32.5-0.5-20190820,8.92,7.74
0.015,2019-08-20,JORN_044,JORN_044-M-32-33-20190820,9.06,7.92
0.016,2019-08-20,JORN_002,JORN_002-M-9-0.5-20190820,8.63,7.52
0.014,2019-08-20,JORN_042,JORN_042-M-2-15-20190820,9.03,7.72
0.014,2019-08-20,JORN_002,JORN_002-M-30-0.5-20190820,8.42,7.4
0.017,2019-08-20,JORN_042,JORN_042-M-13-31.5-20190820,8.43,7.26
0.015,2019-08-20,JORN_002,JORN_002-M-19.5-30-20190820,7.96,6.78
0.019,2019-08-20,JORN_042,JORN_042-M-35.5-21.5-20190820,8.58,7.39
0.021,2019-08-20,JORN_045,JORN_045-M-3-18-20190820,8.06,6.86
0.015,2019-08-20,JORN_045,JORN_045-M-0-36.5-20190820,9.13,7.82
0.015,2019-08-20,JORN_006,JORN_006-M-13.5-34.5-20190820,8.76,7.44
0.029,2019-08-20,JORN_045,JORN_045-M-33.5-26-20190820,8.41,7.24
0.013,2019-08-20,JORN_006,JORN_006-M-4-3-20190820,9.1,7.89
0.015,2019-08-20,JORN_006,JORN_006-M-34.5-3.5-20190820,8.13,6.82
0.019,2019-08-20,JORN_047,JORN_047-M-15-31.5-20190820,8.76,7.46
0.019,2019-08-20,JORN_047,JORN_047-M-31.5-22-20190820,8.41,7.38
0.016,2019-08-20,JORN_047,JORN_047-M-27-5.5-20190820,9,7.68
0.324,2019-08-20,JORN_003,JORN_003-M-35.5-16.5-20190820,8.35,7.32
0.017,2019-08-20,JORN_003,JORN_003-M-33-22.5-20190820,8.69,7.61
0.016,2019-08-20,JORN_003,JORN_003-M-6-24-20190820,9.1,7.78
0.033,2019-08-20,JORN_001,JORN_001-M-11-9-20190820,7.36,6.59
0.015,2019-08-20,JORN_001,JORN_001-M-2.5-39.5-20190820,7.3,6.31
0.012,2019-08-20,JORN_001,JORN_001-M-27-30.5-20190820,6.81,6.34
0.004,2016-06-14,SRER_002,SRER_002-M-8.5-0-20160614,6.43,5.67
0.007,2016-06-14,SRER_002,SRER_002-M-30.5-13-20160614,7.02,6.14
0.008,2016-06-14,SRER_002,SRER_002-M-4-37-20160614,6.98,5.94
0.022,2016-06-14,SRER_004,SRER_004-M-8-32-20160614,7.93,7.02
0.025,2016-06-14,SRER_004,SRER_004-M-30.5-20-20160614,6.63,5.73
0.014,2016-06-14,SRER_004,SRER_004-M-18.5-3-20160614,8.59,7.48
0.038,2016-06-14,SRER_001,SRER_001-M-34.5-18.5-20160614,5.89,4.87
0.013,2016-06-14,SRER_001,SRER_001-M-18-37-20160614,6.24,5.24
0.01,2016-06-14,SRER_001,SRER_001-M-37.5-39-20160614,6.68,5.6
0.008,2016-06-14,SRER_052,SRER_052-M-9-16.5-20160614,8.77,7.64
0.006,2016-06-14,SRER_052,SRER_052-M-21.5-2-20160614,8.98,7.82
0.008,2016-06-14,SRER_052,SRER_052-M-2-37-20160614,8.6,7.6
0.008,2016-06-14,SRER_053,SRER_053-M-16.5-38-20160614,8.66,7.68
0.006,2016-06-14,SRER_053,SRER_053-M-31-1-20160614,8.79,7.56
0.02,2016-06-14,SRER_005,SRER_005-M-12.5-7-20160614,8.37,7.22
0.009,2016-06-14,SRER_053,SRER_053-M-10.5-9.5-20160614,8.69,7.58
0.021,2016-06-14,SRER_005,SRER_005-M-7-21-20160614,5.14,4.65
0.011,2016-06-14,SRER_005,SRER_005-M-30.5-19.5-20160614,6.37,5.54
0.007,2016-06-14,SRER_043,SRER_043-M-14.5-37-20160614,8.89,7.69
0.005,2016-06-14,SRER_043,SRER_043-M-22-33.5-20160614,8.69,7.58
0.005,2016-06-14,SRER_043,SRER_043-M-9-15-20160614,8.81,7.8
0.007,2016-06-14,SRER_006,SRER_006-M-10-3-20160614,6.05,5.77
0.006,2016-06-14,SRER_047,SRER_047-M-16.5-5-20160614,8.78,7.66
0.005,2016-06-14,SRER_047,SRER_047-M-33.5-15.5-20160614,8.75,7.64
0.006,2016-06-14,SRER_006,SRER_006-M-6.5-22-20160614,5.68,4.65
0.008,2016-06-14,SRER_047,SRER_047-M-38.5-38.5-20160614,8.8,7.61
0.005,2016-06-14,SRER_006,SRER_006-M-36-31-20160614,5.72,4.77
0.015,2016-06-14,SRER_003,SRER_003-M-4.5-9-20160614,6.16,5.15
0.011,2016-06-15,SRER_003,SRER_003-M-17.5-36.5-20160614,6.34,5.25
0.012,2016-06-15,SRER_003,SRER_003-M-33.5-26.5-20160614,6.04,4.77
0.052,2016-07-21,SRER_006,SRER_006-M-26.5-2-20160721,5.52,5.84
0.048,2016-07-21,SRER_006,SRER_006-M-6-27-20160721,6.06,5.91
0.023,2016-07-21,SRER_052,SRER_052-M-23.5-6.5-20160721,7.89,8.06
0.06,2016-07-21,SRER_006,SRER_006-M-32-39-20160721,5.16,5.51
0.043,2016-07-21,SRER_052,SRER_052-M-10.5-34.5-20160721,7.79,7.96
0.129,2016-07-21,SRER_052,SRER_052-M-26-37.5-20160721,7.84,8.08
0.033,2016-07-21,SRER_053,SRER_053-M-30-14-20160721,7.79,8.3
0.024,2016-07-21,SRER_003,SRER_003-M-34.5-15-20160721,4.86,5.3
0.017,2016-07-21,SRER_003,SRER_003-M-16-31-20160721,5.08,5.52
0.044,2016-07-21,SRER_053,SRER_053-M-0.5-35-20160721,7.88,8.12
0.014,2016-07-21,SRER_003,SRER_003-M-36.5-39-20160721,6.17,6.69
0.035,2016-07-21,SRER_005,SRER_005-M-7.5-5.5-20160721,5.92,6.29
0.033,2016-07-21,SRER_005,SRER_005-M-39-3-20160721,6.32,6.54
0.028,2016-07-21,SRER_005,SRER_005-M-37.5-25.5-20160721,6.44,6.75
0.04,2016-07-21,SRER_043,SRER_043-M-1.5-0-20160721,7.93,8.21
0.027,2016-07-21,SRER_043,SRER_043-M-38-7.5-20160721,7.81,8.29
0.029,2016-07-21,SRER_043,SRER_043-M-3-26.5-20160721,7.73,8.09
0.04,2016-07-21,SRER_001,SRER_001-M-39-39-20160721,5.6,5.83
0.054,2016-07-21,SRER_001,SRER_001-M-37.5-10.5-20160721,6.32,6.59
0.086,2016-07-21,SRER_001,SRER_001-M-12-0.5-20160721,5.01,5.31
0.035,2016-07-21,SRER_047,SRER_047-M-15-3.5-20160721,7.79,8.02
0.05,2016-07-21,SRER_047,SRER_047-M-38.5-12-20160721,7.7,8
0.035,2016-07-21,SRER_047,SRER_047-M-29.5-38.5-20160721,7.82,8.14
0.044,2016-07-21,SRER_002,SRER_002-M-12-6.5-20160721,5.41,5.71
0.042,2016-07-21,SRER_002,SRER_002-M-25.5-0-20160721,5.63,5.76
0.054,2016-07-21,SRER_002,SRER_002-M-9.5-25-20160721,6.44,6.79
0.055,2016-07-22,SRER_004,SRER_004-M-1.5-26.5-20160721,6.46,6.47
0.045,2016-07-22,SRER_004,SRER_004-M-33-9-20160721,7.67,7.77
0.055,2016-07-22,SRER_004,SRER_004-M-14.5-5-20160721,7.84,7.89
0.008,2016-10-20,SRER_002,SRER_002-M-6-3.5-20161020,6.97,6.13
0.015,2016-10-20,SRER_002,SRER_002-M-3-39-20161020,7.09,6.47
0.014,2016-10-20,SRER_002,SRER_002-M-32.5-20-20161020,7.51,6.9
0.024,2016-10-20,SRER_001,SRER_001-M-3.5-31.5-20161020,6.49,5.27
0.045,2016-10-20,SRER_001,SRER_001-M-39.5-10.5-20161020,6.84,6.41
0.025,2016-10-20,SRER_001,SRER_001-M-37-21-20161020,6.31,5.54
0.028,2016-10-20,SRER_004,SRER_004-M-31.5-6-20161020,8.05,7.9
0.032,2016-10-20,SRER_004,SRER_004-M-39-39-20161020,7.88,7.79
0.022,2016-10-20,SRER_005,SRER_005-M-32-10.5-20161020,7.05,7.3
0.057,2016-10-20,SRER_004,SRER_004-M-7.5-26.5-20161020,8.29,8.2
0.021,2016-10-20,SRER_005,SRER_005-M-9.5-29.5-20161020,6.05,5.23
0.02,2016-10-20,SRER_005,SRER_005-M-22-34-20161020,7.15,6.88
0.013,2016-10-20,SRER_047,SRER_047-M-30.5-31.5-20161020,8.22,7.36
0.018,2016-10-20,SRER_047,SRER_047-M-12-31-20161020,8.28,7.52
0.018,2016-10-20,SRER_047,SRER_047-M-27-7-20161020,8.36,7.4
0.009,2016-10-20,SRER_006,SRER_006-M-35-13.5-20161020,6.53,5.04
0.008,2016-10-20,SRER_006,SRER_006-M-30-26-20161020,6.92,6.16
0.014,2016-10-20,SRER_006,SRER_006-M-13.5-38.5-20161020,6.99,6.27
0.017,2016-10-20,SRER_003,SRER_003-M-5.5-7.5-20161020,6.87,6.05
0.016,2016-10-20,SRER_003,SRER_003-M-37-18.5-20161020,6.49,5.28
0.011,2016-10-20,SRER_003,SRER_003-M-22.5-31-20161020,6.68,5.37
0.012,2016-10-21,SRER_052,SRER_052-M-0.5-15.5-20161021,8.26,7.46
0.019,2016-10-21,SRER_052,SRER_052-M-23-30.5-20161021,8.18,7.41
0.004,2016-10-21,SRER_052,SRER_052-M-29-6-20161021,8.27,7.46
0.022,2016-10-21,SRER_053,SRER_053-M-30-2.5-20161021,8.18,7.49
0.012,2016-10-21,SRER_053,SRER_053-M-1.5-34-20161021,8.29,7.45
0.017,2016-10-21,SRER_053,SRER_053-M-11.5-2-20161021,8.3,7.52
0.014,2016-10-21,SRER_043,SRER_043-M-3.5-15-20161021,8.26,7.42
0.02,2016-10-21,SRER_043,SRER_043-M-29-8.5-20161021,8.31,7.39
0.016,2016-10-21,SRER_043,SRER_043-M-28-35.5-20161021,8.21,7.34
0.004,2017-06-12,SRER_006,SRER_006-M-4.5-21.5-20170612,5.71,4.9
0.031,2017-06-12,SRER_004,SRER_004-M-2.5-37-20170612,7.21,7.08
0.006,2017-06-12,SRER_006,SRER_006-M-13-0-20170612,6.19,5.7
0.005,2017-06-12,SRER_006,SRER_006-M-31.5-18-20170612,5.86,5
0.009,2017-06-12,SRER_001,SRER_001-M-12-37.5-20170612,5.46,4.32
0.004,2017-06-12,SRER_001,SRER_001-M-22-39.5-20170612,5.57,4.77
0.035,2017-06-12,SRER_001,SRER_001-M-17.5-3-20170612,7.16,6.89
0.007,2017-06-12,SRER_002,SRER_002-M-7-25-20170612,7.11,6.89
0.009,2017-06-12,SRER_043,SRER_043-M-9.5-15.5-20170612,7.72,7.31
0.009,2017-06-12,SRER_047,SRER_047-M-19-1.5-20170612,7.93,7.42
0.007,2017-06-12,SRER_047,SRER_047-M-14.5-37.5-20170612,7.91,7.41
0.011,2017-06-12,SRER_043,SRER_043-M-35-21-20170612,7.8,7.2
0.01,2017-06-12,SRER_047,SRER_047-M-28-38.5-20170612,7.72,7.36
0.009,2017-06-12,SRER_043,SRER_043-M-32.5-5.5-20170612,7.83,7.27
0.012,2017-06-12,SRER_005,SRER_005-M-3-21-20170612,5.7,5.09
0.017,2017-06-12,SRER_005,SRER_005-M-34-33.5-20170612,6.38,5.97
0.016,2017-06-12,SRER_053,SRER_053-M-36.5-9.5-20170612,7.89,7.26
0.011,2017-06-12,SRER_053,SRER_053-M-2.5-17.5-20170612,7.93,7.36
0.009,2017-06-12,SRER_053,SRER_053-M-22-37-20170612,7.77,7.39
0.009,2017-06-12,SRER_003,SRER_003-M-6.5-36-20170612,6.29,5.67
0.006,2017-06-12,SRER_003,SRER_003-M-38.5-29.5-20170612,6.04,5.47
0.01,2017-06-12,SRER_052,SRER_052-M-9-23.5-20170612,7.95,7.25
0.013,2017-06-12,SRER_004,SRER_004-M-11.5-8-20170612,7.71,7.29
0.007,2017-06-12,SRER_003,SRER_003-M-33-4-20170612,5.99,5.23
0.009,2017-06-12,SRER_052,SRER_052-M-6.5-15.5-20170612,7.94,7.38
0.02,2017-06-12,SRER_004,SRER_004-M-25.5-36-20170612,6.32,5.69
0.009,2017-06-12,SRER_052,SRER_052-M-26-6-20170612,8.05,7.33
0.004,2017-06-13,SRER_002,SRER_002-M-0.5-13.5-20170612,6.11,5.51
0.008,2017-06-13,SRER_002,SRER_002-M-35-3-20170612,6.41,6.08
0.008,2017-06-13,SRER_005,SRER_005-M-13.5-6.5-20170612,6.48,6.06
0.019,2017-08-15,SRER_006,SRER_006-M-21.5-5-20170815,6.42,6.19
0.02,2017-08-15,SRER_006,SRER_006-M-10.5-6-20170815,6.9,5.88
0.026,2017-08-15,SRER_004,SRER_004-M-3-32.5-20170815,6.49,5.44
0.013,2017-08-15,SRER_006,SRER_006-M-24.5-38-20170815,5.92,5.65
0.031,2017-08-15,SRER_004,SRER_004-M-23-33.5-20170815,8,7.41
0.032,2017-08-15,SRER_004,SRER_004-M-9-18-20170815,7.35,6.17
0.019,2017-08-15,SRER_003,SRER_003-M-0.5-20.5-20170815,5.99,5.04
0.027,2017-08-15,SRER_003,SRER_003-M-35-20.5-20170815,6.16,5.46
0.053,2017-08-15,SRER_003,SRER_003-M-24.5-6.5-20170815,7.04,5.94
0.013,2017-08-15,SRER_047,SRER_047-M-23.5-1-20170815,8.75,7.8
0.011,2017-08-15,SRER_047,SRER_047-M-6-4.5-20170815,8.63,7.76
0.012,2017-08-15,SRER_047,SRER_047-M-0-25-20170815,8.55,7.68
0.024,2017-08-15,SRER_005,SRER_005-M-16-2-20170815,7.39,6.51
0.012,2017-08-15,SRER_043,SRER_043-M-4.5-24.5-20170815,8.52,7.64
0.041,2017-08-15,SRER_005,SRER_005-M-27.5-4.5-20170815,6.64,5.8
0.013,2017-08-15,SRER_043,SRER_043-M-18.5-5.5-20170815,8.59,7.82
0.047,2017-08-15,SRER_005,SRER_005-M-34.5-29.5-20170815,7.78,7
0.013,2017-08-15,SRER_043,SRER_043-M-39.5-5.5-20170815,8.57,7.72
0.071,2017-08-15,SRER_001,SRER_001-M-33-4-20170815,6.82,5.77
0.037,2017-08-15,SRER_001,SRER_001-M-37-27.5-20170815,5.49,4.73
0.02,2017-08-15,SRER_001,SRER_001-M-15-31-20170815,6,5.13
0.008,2017-08-15,SRER_053,SRER_053-M-39-0.5-20170815,8.71,7.75
0.01,2017-08-15,SRER_053,SRER_053-M-39-32-20170815,8.69,7.81
0.01,2017-08-15,SRER_053,SRER_053-M-18.5-36-20170815,8.71,7.82
0.007,2017-08-15,SRER_002,SRER_002-M-1.5-18-20170815,6.45,5.65
0.01,2017-08-15,SRER_002,SRER_002-M-4-34-20170815,6.57,5.78
0.008,2017-08-15,SRER_002,SRER_002-M-30-39-20170815,7.54,6.79
0.012,2017-08-15,SRER_052,SRER_052-M-1.5-0.5-20170815,8.63,7.74
0.013,2017-08-15,SRER_052,SRER_052-M-23.5-36-20170815,8.61,7.83
0.006,2017-08-15,SRER_052,SRER_052-M-38-12.5-20170815,8.6,7.82
0.008,2017-11-06,SRER_006,SRER_006-M-29-0-20171106,6.2,5.36
0.006,2017-11-06,SRER_052,SRER_052-M-38.5-22.5-20171106,8.62,7.28
0.009,2017-11-06,SRER_052,SRER_052-M-5-35-20171106,8.67,7.34
0.01,2017-11-06,SRER_052,SRER_052-M-13-6-20171106,8.74,7.28
0.007,2017-11-06,SRER_006,SRER_006-M-30-36.5-20171106,6.28,5.24
0.009,2017-11-06,SRER_006,SRER_006-M-1-35.5-20171106,6.33,5.38
0.009,2017-11-06,SRER_053,SRER_053-M-23.5-8-20171106,8.79,7.33
0.008,2017-11-06,SRER_053,SRER_053-M-1-30.5-20171106,8.78,7.37
0.014,2017-11-06,SRER_053,SRER_053-M-14-4-20171106,8.48,7.28
0.009,2017-11-06,SRER_003,SRER_003-M-11-6-20171106,6.11,5.09
0.008,2017-11-06,SRER_003,SRER_003-M-34-7-20171106,6.81,5.81
0.011,2017-11-06,SRER_003,SRER_003-M-26-37.5-20171106,6.28,5.12
0.01,2017-11-06,SRER_043,SRER_043-M-4.5-18-20171106,8.62,7.67
0.013,2017-11-06,SRER_043,SRER_043-M-30.5-26-20171106,8.64,7.55
0.011,2017-11-06,SRER_043,SRER_043-M-3.5-35.5-20171106,8.68,7.41
0.008,2017-11-06,SRER_047,SRER_047-M-9-30.5-20171106,8.67,7.43
0.023,2017-11-06,SRER_005,SRER_005-M-7-12.5-20171106,7.55,7.11
0.01,2017-11-06,SRER_047,SRER_047-M-32-22-20171106,8.74,7.57
0.012,2017-11-06,SRER_005,SRER_005-M-22.5-8-20171106,5.67,4.95
0.01,2017-11-06,SRER_047,SRER_047-M-35.5-5-20171106,9,7.64
0.013,2017-11-06,SRER_005,SRER_005-M-3.5-28-20171106,5.87,4.86
0.008,2017-11-06,SRER_001,SRER_001-M-1.5-31.5-20171106,5.79,4.72
0.018,2017-11-06,SRER_004,SRER_004-M-22-2.5-20171106,8.42,7.31
0.017,2017-11-06,SRER_004,SRER_004-M-2-25-20171106,6.31,5.8
0.026,2017-11-06,SRER_001,SRER_001-M-38.5-0.5-20171106,6,4.9
0.035,2017-11-06,SRER_004,SRER_004-M-26.5-33-20171106,6.86,6.34
0.008,2017-11-06,SRER_001,SRER_001-M-22-35.5-20171106,6.8,5.7
0.006,2017-11-06,SRER_002,SRER_002-M-15.5-9-20171106,6.75,5.64
0.006,2017-11-06,SRER_002,SRER_002-M-7.5-20-20171106,6.05,5.06
0.01,2017-11-06,SRER_002,SRER_002-M-36-32.5-20171106,8.31,7.11
0.013,2018-06-05,SRER_047,SRER_047-M-8.5-6.5-20180605,8.67,7.89
0.01,2018-06-05,SRER_002,SRER_002-M-18-3-20180605,6.42,5.32
0.006,2018-06-05,SRER_047,SRER_047-M-21-1.5-20180605,8.7,7.99
0.006,2018-06-05,SRER_002,SRER_002-M-30-13-20180605,7.04,6.19
0.009,2018-06-05,SRER_047,SRER_047-M-33-23-20180605,8.56,7.85
0.01,2018-06-05,SRER_002,SRER_002-M-6.5-34.5-20180605,6.62,5.73
0.009,2018-06-05,SRER_043,SRER_043-M-22-38.5-20180605,8.44,7.68
0.01,2018-06-05,SRER_043,SRER_043-M-8.5-23-20180605,8.64,7.85
0.011,2018-06-05,SRER_043,SRER_043-M-6.5-18.5-20180605,8.61,7.77
0.008,2018-06-05,SRER_001,SRER_001-M-6-33.5-20180605,6.15,4.97
0.004,2018-06-05,SRER_001,SRER_001-M-36.5-32.5-20180605,6.41,5.24
0.013,2018-06-05,SRER_052,SRER_052-M-4-4.5-20180605,8.78,7.9
0.014,2018-06-05,SRER_052,SRER_052-M-5-34-20180605,8.79,7.92
0.041,2018-06-05,SRER_001,SRER_001-M-22-7.5-20180605,6.57,5.72
0.011,2018-06-05,SRER_052,SRER_052-M-34-17.5-20180605,8.78,7.95
0.029,2018-06-05,SRER_053,SRER_053-M-2.5-17.5-20180605,8.73,7.99
0.01,2018-06-05,SRER_005,SRER_005-M-9-6-20180605,7.49,6.76
0,2018-06-05,SRER_053,SRER_053-M-1-29.5-20180605,8.72,7.88
0.02,2018-06-05,SRER_053,SRER_053-M-31.5-6-20180605,8.68,7.82
0.016,2018-06-05,SRER_005,SRER_005-M-30-19.5-20180605,6.97,6.21
0.017,2018-06-05,SRER_005,SRER_005-M-16.5-39-20180605,6.45,5.73
0.03,2018-06-05,SRER_004,SRER_004-M-33.5-29-20180605,7.77,7.01
0.047,2018-06-05,SRER_004,SRER_004-M-5-26.5-20180605,7.14,6.46
0.019,2018-06-05,SRER_004,SRER_004-M-6.5-19.5-20180605,8.12,7.26
0.005,2018-06-05,SRER_006,SRER_006-M-11.5-6-20180605,6.8,5.63
0.011,2018-06-05,SRER_006,SRER_006-M-4-37-20180605,8.06,7.4
0.005,2018-06-05,SRER_006,SRER_006-M-20-31.5-20180605,6.09,4.91
0.011,2018-06-05,SRER_003,SRER_003-M-0.5-17.5-20180605,6.55,5.44
0.013,2018-06-05,SRER_003,SRER_003-M-14.5-37-20180605,6.29,5.25
0.011,2018-06-05,SRER_003,SRER_003-M-33.5-30-20180605,6.74,5.43
0.026,2018-08-01,SRER_003,SRER_003-M-11-35.5-20180801,6.32,5.62
0.021,2018-08-01,SRER_003,SRER_003-M-34.5-15.5-20180801,5.98,4.69
0.041,2018-08-01,SRER_004,SRER_004-M-4.5-0-20180801,8.98,7.64
0.037,2018-08-01,SRER_004,SRER_004-M-30-16.5-20180801,9.07,7.62
0.015,2018-08-01,SRER_003,SRER_003-M-38.5-29-20180801,6.45,5.43
0.056,2018-08-01,SRER_004,SRER_004-M-5.5-26-20180801,8.98,7.46
0.011,2018-08-01,SRER_006,SRER_006-M-26-2-20180801,5.84,4.92
0.015,2018-08-01,SRER_006,SRER_006-M-24-34-20180801,5.81,4.59
0.012,2018-08-01,SRER_006,SRER_006-M-13-38-20180801,5.94,4.54
0.028,2018-08-01,SRER_052,SRER_052-M-38-17.5-20180801,8.96,7.6
0.021,2018-08-01,SRER_052,SRER_052-M-32.5-30-20180801,9.27,7.7
0.021,2018-08-01,SRER_052,SRER_052-M-19-31.5-20180801,9.1,7.67
0.023,2018-08-01,SRER_053,SRER_053-M-35.5-22.5-20180801,9.04,7.9
0.024,2018-08-01,SRER_053,SRER_053-M-32-13-20180801,9.14,7.82
0.04,2018-08-01,SRER_005,SRER_005-M-0-9.5-20180801,6.79,5.65
0.025,2018-08-01,SRER_053,SRER_053-M-17.5-33.5-20180801,9.14,7.63
0.038,2018-08-01,SRER_005,SRER_005-M-36.5-16-20180801,6.98,6.21
0.046,2018-08-01,SRER_005,SRER_005-M-37-34.5-20180801,6.94,5.07
0.022,2018-08-01,SRER_043,SRER_043-M-0-16-20180801,9.24,7.72
0.025,2018-08-01,SRER_043,SRER_043-M-22.5-8-20180801,9.25,7.72
0.026,2018-08-01,SRER_043,SRER_043-M-1-27-20180801,9.13,7.57
0.019,2018-08-01,SRER_001,SRER_001-M-7.5-0-20180801,6.39,5.14
0.02,2018-08-01,SRER_047,SRER_047-M-37.5-25-20180801,8.8,7.6
0.034,2018-08-01,SRER_001,SRER_001-M-39.5-10-20180801,6.35,5.94
0.018,2018-08-01,SRER_047,SRER_047-M-31.5-11.5-20180801,9.26,7.75
0.021,2018-08-01,SRER_047,SRER_047-M-8.5-10-20180801,9.28,7.73
0.046,2018-08-01,SRER_001,SRER_001-M-24.5-31-20180801,7.16,6.34
0.015,2018-08-01,SRER_002,SRER_002-M-6-0.5-20180801,6.24,4.96
0.016,2018-08-01,SRER_002,SRER_002-M-35-0-20180801,6.73,5.78
0.016,2018-08-01,SRER_002,SRER_002-M-18.5-34.5-20180801,7.38,6.76
0.034,2018-11-14,SRER_052,SRER_052-M-0-10-20181114,7.62,8.73
0.038,2018-11-14,SRER_052,SRER_052-M-31.5-17-20181114,8.89,7.75
0.017,2018-11-14,SRER_052,SRER_052-M-28-38-20181114,9.01,7.55
0.034,2018-11-14,SRER_053,SRER_053-M-39-13.5-20181114,8.65,7.68
0.033,2018-11-14,SRER_053,SRER_053-M-6.5-6-20181114,8.8,7.72
0.027,2018-11-14,SRER_053,SRER_053-M-13.5-33-20181114,8.7,7.67
0.015,2018-11-14,SRER_006,SRER_006-M-35.5-16-20181114,6.31,5.16
0.025,2018-11-14,SRER_043,SRER_043-M-11-5.5-20181114,8.96,7.63
0.026,2018-11-14,SRER_043,SRER_043-M-38.5-9.5-20181114,8.75,7.69
0.034,2018-11-14,SRER_043,SRER_043-M-37.5-21-20181114,9.02,7.63
0.016,2018-11-14,SRER_006,SRER_006-M-21.5-31-20181114,6.12,4.84
0.036,2018-11-14,SRER_047,SRER_047-M-37-31.5-20181114,8.84,7.71
0.028,2018-11-14,SRER_006,SRER_006-M-12-39-20181114,6.18,4.99
0.024,2018-11-14,SRER_047,SRER_047-M-18.5-33.5-20181114,8.72,7.8
0.02,2018-11-14,SRER_047,SRER_047-M-31.5-4.5-20181114,8.82,7.61
0.026,2018-11-14,SRER_003,SRER_003-M-29.5-33-20181114,5.96,4.73
0.075,2018-11-14,SRER_004,SRER_004-M-23.5-1.5-20181114,8.89,7.67
0.045,2018-11-14,SRER_004,SRER_004-M-35-26.5-20181114,6.81,5.92
0.02,2018-11-14,SRER_003,SRER_003-M-39.5-5-20181114,6.4,5.19
0.049,2018-11-14,SRER_004,SRER_004-M-4.5-22.5-20181114,8.41,7.08
0.028,2018-11-14,SRER_003,SRER_003-M-5-7-20181114,6.66,5.48
0.053,2018-11-14,SRER_001,SRER_001-M-38.5-2.5-20181114,6.53,5.5
0.016,2018-11-14,SRER_001,SRER_001-M-34.5-35.5-20181114,6.08,4.81
0.046,2018-11-14,SRER_001,SRER_001-M-8-35-20181114,6.68,5.54
0.019,2018-11-14,SRER_005,SRER_005-M-35-1.5-20181114,5.69,4.82
0.02,2018-11-14,SRER_005,SRER_005-M-29.5-36-20181114,6.56,5.73
0.025,2018-11-14,SRER_005,SRER_005-M-11-36-20181114,7.07,6.13
0.016,2018-11-14,SRER_002,SRER_002-M-3.5-19-20181114,6.83,6.07
0.024,2018-11-14,SRER_002,SRER_002-M-10-33-20181114,7.34,6.29
0.08,2018-11-14,SRER_002,SRER_002-M-20.5-36-20181114,6.96,5.96
0.013,2019-06-04,SRER_003,SRER_003-M-8.5-29-20190604,6.94,5.8
0.012,2019-06-04,SRER_052,SRER_052-M-8-32-20190604,8.95,7.8
0.01,2019-06-04,SRER_052,SRER_052-M-20.5-6.5-20190604,9.01,7.33
0.015,2019-06-04,SRER_003,SRER_003-M-33-32.5-20190604,6.74,5.54
0.018,2019-06-04,SRER_052,SRER_052-M-1.5-1-20190604,8.83,7.53
0.013,2019-06-04,SRER_003,SRER_003-M-39-11-20190604,6.7,5.68
0.012,2019-06-04,SRER_053,SRER_053-M-35-22-20190604,8.92,7.79
0.016,2019-06-04,SRER_053,SRER_053-M-24.5-5-20190604,8.84,7.8
0.019,2019-06-04,SRER_053,SRER_053-M-1-12.5-20190604,8.84,7.72
0.01,2019-06-04,SRER_006,SRER_006-M-11.5-6-20190604,6.97,5.55
0.013,2019-06-04,SRER_043,SRER_043-M-14-5-20190604,8.88,7.78
0.01,2019-06-04,SRER_006,SRER_006-M-37.5-9-20190604,6.42,5.2
0.007,2019-06-04,SRER_006,SRER_006-M-5-33-20190604,7.48,6.57
0.014,2019-06-04,SRER_043,SRER_043-M-30-12-20190604,8.75,7.55
0.015,2019-06-04,SRER_043,SRER_043-M-27-31.5-20190604,8.88,7.6
0.01,2019-06-04,SRER_047,SRER_047-M-37.5-3-20190604,9.06,7.82
0.01,2019-06-04,SRER_047,SRER_047-M-35-25.5-20190604,9.01,7.78
0.013,2019-06-04,SRER_047,SRER_047-M-15-35.5-20190604,9,7.57
0.018,2019-06-04,SRER_005,SRER_005-M-17.5-6.5-20190604,6.94,6.17
0.015,2019-06-04,SRER_005,SRER_005-M-19-32.5-20190604,7.44,6.44
0.027,2019-06-04,SRER_004,SRER_004-M-3-18.5-20190604,8.18,6.97
0.045,2019-06-04,SRER_004,SRER_004-M-8-24-20190604,8.06,7.13
0.025,2019-06-04,SRER_005,SRER_005-M-34-38.5-20190604,6.22,5.5
0.037,2019-06-04,SRER_004,SRER_004-M-35-22.5-20190604,7.16,6.27
0.009,2019-06-04,SRER_001,SRER_001-M-18.5-3.5-20190604,8.66,7.13
0.008,2019-06-04,SRER_001,SRER_001-M-5.5-36.5-20190604,7.02,5.64
0.012,2019-06-04,SRER_002,SRER_002-M-4-9-20190604,6.59,6.14
0.009,2019-06-04,SRER_002,SRER_002-M-0-32.5-20190604,7.01,6.19
0.007,2019-06-04,SRER_001,SRER_001-M-30-35-20190604,5.91,4.67
0.01,2019-06-04,SRER_002,SRER_002-M-37-1.5-20190604,6.89,6.04
0.03,2019-08-06,SRER_002,SRER_002-M-4.5-32.5-20190806,7.6,6.65
0.028,2019-08-06,SRER_002,SRER_002-M-1-16-20190806,6.81,5.74
0.034,2019-08-06,SRER_002,SRER_002-M-26.5-30.5-20190806,7.13,6.16
0.081,2019-08-06,SRER_004,SRER_004-M-7-27-20190806,8.16,7.22
0.064,2019-08-06,SRER_004,SRER_004-M-15-8.5-20190806,8.54,7.54
0.12,2019-08-06,SRER_001,SRER_001-M-11.5-37.5-20190806,6.36,5.43
0.065,2019-08-06,SRER_004,SRER_004-M-39-24-20190806,6.56,5.78
0.089,2019-08-06,SRER_001,SRER_001-M-20.5-36.5-20190806,7,6.3
0.182,2019-08-06,SRER_001,SRER_001-M-23-4.5-20190806,6.45,5.59
0.046,2019-08-06,SRER_052,SRER_052-M-19.5-5-20190806,8.64,7.61
0.05,2019-08-06,SRER_005,SRER_005-M-9-19.5-20190806,8.61,7.69
0.046,2019-08-06,SRER_052,SRER_052-M-35-2-20190806,8.74,7.66
0.045,2019-08-06,SRER_005,SRER_005-M-30-7-20190806,6.98,6.06
0.047,2019-08-06,SRER_052,SRER_052-M-31-35-20190806,8.74,7.54
0.057,2019-08-06,SRER_005,SRER_005-M-22.5-37.5-20190806,6.93,5.78
0.036,2019-08-06,SRER_047,SRER_047-M-7-20.5-20190806,8.7,7.97
0.027,2019-08-06,SRER_006,SRER_006-M-30-12-20190806,8.57,7.46
0.055,2019-08-06,SRER_047,SRER_047-M-8-19.5-20190806,8.79,7.93
0.021,2019-08-06,SRER_006,SRER_006-M-8-18.5-20190806,7.21,5.74
0.043,2019-08-06,SRER_047,SRER_047-M-27-5-20190806,8.94,8.01
0.026,2019-08-06,SRER_006,SRER_006-M-38-34.5-20190806,6.45,5.33
0.06,2019-08-06,SRER_043,SRER_043-M-4-24-20190806,8.74,7.89
0.042,2019-08-06,SRER_043,SRER_043-M-1.5-17-20190806,8.62,7.63
0.027,2019-08-06,SRER_003,SRER_003-M-11.5-34.5-20190806,7.11,6.01
0.022,2019-08-06,SRER_003,SRER_003-M-33-33-20190806,7.39,6.44
0.039,2019-08-06,SRER_043,SRER_043-M-33.5-12-20190806,8.7,7.78
0.021,2019-08-06,SRER_003,SRER_003-M-36-2.5-20190806,6.86,5.49
0.046,2019-08-06,SRER_053,SRER_053-M-4-32.5-20190806,8.67,7.81
0.052,2019-08-06,SRER_053,SRER_053-M-29-32-20190806,8.76,7.79
0.064,2019-08-06,SRER_053,SRER_053-M-24.5-5-20190806,8.66,7.91
0.139,2014-06-18,ONAQ_006,ONAQ_006-M-29-37-20140618,8.05,7.46
0.182,2014-06-18,ONAQ_008,ONAQ_008-M-21-39-20140618,8.1,7.76
0.07,2014-06-18,ONAQ_002,ONAQ_002-M-26-3-20140618,8.31,7.68
0.082,2014-06-18,ONAQ_003,ONAQ_003-M-5-26-20140618,8.09,7.64
0.046,2014-07-16,ONAQ_006,ONAQ_006-M-33-0-20140716,8.16,7.55
0.071,2014-07-16,ONAQ_008,ONAQ_008-M-33-4-20140716,8.24,7.56
0.062,2014-07-16,ONAQ_003,ONAQ_003-M-30-5-20140716,8.81,7.67
0.057,2014-07-16,ONAQ_002,ONAQ_002-M-1-6-20140716,8.36,7.67
0.076,2014-08-11,ONAQ_004,ONAQ_004-M-4-9-20140811,8.95,7.98
0.059,2014-08-11,ONAQ_010,ONAQ_010-M-23-8-20140811,8.03,7.42
0.103,2014-08-11,ONAQ_007,ONAQ_007-M-36-16-20140811,8.67,7.73
0.064,2014-08-11,ONAQ_002,ONAQ_002-M-30-37-20140811,8.74,7.64
0.079,2014-08-12,ONAQ_008,ONAQ_008-M-0-30-20140812,8.12,7.41
0.063,2014-08-12,ONAQ_009,ONAQ_009-M-33-4-20140812,8.58,7.75
0.082,2014-08-12,ONAQ_003,ONAQ_003-M-10-34-20140812,8.3,7.65
0.058,2014-08-12,ONAQ_005,ONAQ_005-M-2-0-20140812,8.7,7.73
0.041,2014-08-13,ONAQ_044,ONAQ_044-M-32-36-20140813,8.53,7.41
0.059,2014-08-13,ONAQ_041,ONAQ_041-M-6-13-20140813,8.37,7.69
0.067,2014-08-13,ONAQ_043,ONAQ_043-M-40-7-20140813,8.57,7.68
0.056,2014-08-13,ONAQ_017,ONAQ_017-M-28-34-20140813,7.35,7.46
0.08,2014-08-14,ONAQ_012,ONAQ_012-M-2-27-20140814,7.87,7.43
0.048,2014-08-14,ONAQ_042,ONAQ_042-M-26-9-20140814,8.34,7.68
0.094,2014-08-14,ONAQ_006,ONAQ_006-M-15-7-20140814,8.13,7.61
0.344,2014-09-10,ONAQ_008,ONAQ_008-M-37-22-20140910,8,7.45
0.178,2014-09-10,ONAQ_006,ONAQ_006-M-28-3-20140910,8.11,7.23
0.203,2014-09-10,ONAQ_002,ONAQ_002-M-39-16-20140910,8.33,7.39
0.229,2014-09-10,ONAQ_003,ONAQ_003-M-3-28-20140910,8.4,7.63
0.196,2016-04-04,ONAQ_004,ONAQ_004-M-4-13-20160404,9.49,7.78
0.157,2016-04-05,ONAQ_004,ONAQ_004-M-5.5-14-20160405,9.35,8.08
0.152,2016-04-05,ONAQ_004,ONAQ_004-M-6-1.5-20160405,9.06,7.84
0.277,2016-04-05,ONAQ_017,ONAQ_017-M-3-0-20160405,8,7.41
0.179,2016-04-05,ONAQ_007,ONAQ_007-M-8-4-20160405,8.26,7.49
0.268,2016-04-05,ONAQ_017,ONAQ_017-M-9-8-20160405,7.96,7.52
0.771,2016-04-05,ONAQ_017,ONAQ_017-M-11.5-8-20160405,7.83,7.5
0.181,2016-04-05,ONAQ_007,ONAQ_007-M-5-8.5-20160405,8.24,7.52
0.176,2016-04-05,ONAQ_007,ONAQ_007-M-9-2.5-20160405,8.26,7.53
0.202,2016-04-06,ONAQ_008,ONAQ_008-M-2.5-12-20160406,8.26,7.56
0.146,2016-04-07,ONAQ_041,ONAQ_041-M-2.5-12-20160407,8.64,7.46
0.117,2016-04-07,ONAQ_041,ONAQ_041-M-19.5-2-20160407,8.55,7.59
0.143,2016-04-07,ONAQ_041,ONAQ_041-M-12.5-2.5-20160407,8.64,7.5
0.121,2016-04-07,ONAQ_044,ONAQ_044-M-1-12-20160407,8.68,7.55
0.137,2016-04-07,ONAQ_044,ONAQ_044-M-6.5-15-20160407,8.56,7.5
0.141,2016-04-07,ONAQ_044,ONAQ_044-M-9.5-18.5-20160407,8.62,7.43
0.132,2016-04-07,ONAQ_042,ONAQ_042-M-3-16.5-20160407,8.58,7.65
0.127,2016-04-07,ONAQ_042,ONAQ_042-M-1-5.5-20160407,8.56,7.63
0.117,2016-04-07,ONAQ_042,ONAQ_042-M-2-12.5-20160407,8.7,7.67
0.159,2016-04-08,ONAQ_043,ONAQ_043-M-1.5-14.5-20160408,8.41,7.52
0.141,2016-04-08,ONAQ_043,ONAQ_043-M-14.5-0.5-20160408,8.65,7.48
0.143,2016-04-08,ONAQ_043,ONAQ_043-M-8.5-7.5-20160408,8.71,7.61
0.215,2016-04-08,ONAQ_005,ONAQ_005-M-7.5-18.5-20160408,8.54,7.64
0.147,2016-04-08,ONAQ_005,ONAQ_005-M-1.5-8-20160408,8.24,7.42
0.188,2016-04-08,ONAQ_005,ONAQ_005-M-6-11.5-20160408,8.48,7.47
0.189,2016-04-08,ONAQ_003,ONAQ_003-M-2.5-17.5-20160408,8.44,7.36
0.195,2016-04-08,ONAQ_003,ONAQ_003-M-19-4.5-20160408,9.32,8.15
0.148,2016-04-08,ONAQ_003,ONAQ_003-M-2.5-5.5-20160408,9.43,7.8
0.16,2016-04-11,ONAQ_002,ONAQ_002-M-18.5-5.5-20160411,8.33,7.37
0.177,2016-04-11,ONAQ_002,ONAQ_002-M-8-12.5-20160411,8.38,7.48
0.145,2016-04-11,ONAQ_002,ONAQ_002-M-3-17-20160411,8.39,7.65
0.124,2016-07-25,ONAQ_003,ONAQ_003-M-14.5-6-20160725,8.46,7.78
0.029,2016-07-25,ONAQ_003,ONAQ_003-M-19.5-39-20160725,8.32,7.47
0.051,2016-07-25,ONAQ_003,ONAQ_003-M-26.5-38-20160725,8.29,7.8
0.032,2016-07-26,ONAQ_005,ONAQ_005-M-19-4-20160726,8.57,7.39
0.035,2016-07-26,ONAQ_005,ONAQ_005-M-28.5-2-20160726,8.53,7.54
0.042,2016-07-26,ONAQ_005,ONAQ_005-M-10-36-20160726,8.42,7.8
0.07,2016-07-26,ONAQ_007,ONAQ_007-M-6.5-11.5-20160726,8.06,7.41
0.066,2016-07-26,ONAQ_007,ONAQ_007-M-38.5-15.5-20160726,8.68,7.79
0.044,2016-07-26,ONAQ_007,ONAQ_007-M-25.5-35-20160726,8.06,7.62
0.035,2016-07-27,ONAQ_042,ONAQ_042-M-19.5-3.5-20160727,8.46,7.47
0.032,2016-07-27,ONAQ_042,ONAQ_042-M-20.5-5-20160727,8.24,8.21
0.03,2016-07-27,ONAQ_042,ONAQ_042-M-21-34-20160727,8.52,7.56
0.028,2016-07-27,ONAQ_044,ONAQ_044-M-30-10.5-20160727,8.25,7.85
0.033,2016-07-27,ONAQ_044,ONAQ_044-M-23.5-36-20160727,8.68,7.81
0.034,2016-07-27,ONAQ_044,ONAQ_044-M-1.5-30-20160727,8.72,8.45
0.028,2016-07-27,ONAQ_043,ONAQ_043-M-0-31-20160727,8.13,7.52
0.033,2016-07-27,ONAQ_043,ONAQ_043-M-26-31.5-20160727,8.55,7.55
0.041,2016-07-27,ONAQ_043,ONAQ_043-M-1-18.5-20160727,8.25,7.7
0.044,2016-07-27,ONAQ_004,ONAQ_004-M-17.5-1-20160727,8.35,7.98
0.066,2016-07-27,ONAQ_004,ONAQ_004-M-34.5-39.5-20160727,8.69,8.22
0.037,2016-07-27,ONAQ_004,ONAQ_004-M-17-30.5-20160727,8.22,8.22
0.045,2016-07-28,ONAQ_012,ONAQ_012-M-7.5-2-20160728,8.1,8.11
0.049,2016-07-28,ONAQ_012,ONAQ_012-M-10.5-37-20160728,8.15,7.38
0.031,2016-07-28,ONAQ_012,ONAQ_012-M-34-25.5-20160728,8.54,8.26
0.054,2016-07-28,ONAQ_017,ONAQ_017-M-22.5-5-20160728,8.11,7.57
0.054,2016-07-28,ONAQ_017,ONAQ_017-M-39-24-20160728,8.35,7.59
0.048,2016-07-28,ONAQ_017,ONAQ_017-M-15.5-34-20160728,8.13,7.25
0.063,2016-07-29,ONAQ_010,ONAQ_010-M-25.5-35-20160729,8.12,7.36
0.074,2016-07-29,ONAQ_010,ONAQ_010-M-38.5-15.5-20160729,7.82,7.47
0.034,2016-07-29,ONAQ_010,ONAQ_010-M-6.5-11.5-20160729,7.78,7.01
0.047,2016-07-29,ONAQ_002,ONAQ_002-M-36-4-20160729,8.44,7.53
0.047,2016-07-29,ONAQ_002,ONAQ_002-M-4.5-32.5-20160729,8.39,8.47
0.037,2016-07-29,ONAQ_041,ONAQ_041-M-6-1.5-20160729,8.5,7.55
0.063,2016-07-29,ONAQ_041,ONAQ_041-M-21.5-33-20160729,8.84,7.56
0.036,2016-07-29,ONAQ_041,ONAQ_041-M-17.5-31-20160729,8.76,7.64
0.045,2016-07-30,ONAQ_008,ONAQ_008-M-6.5-14.5-20160730,8.1,7.61
0.052,2016-07-30,ONAQ_008,ONAQ_008-M-27-9.5-20160730,7.98,7.52
0.071,2016-07-30,ONAQ_008,ONAQ_008-M-25-32.5-20160730,8.03,7.48
0.049,2016-11-06,ONAQ_043,ONAQ_043-M-4-17.5-20161106,8.33,7.38
0.051,2016-11-06,ONAQ_043,ONAQ_043-M-25.5-0.5-20161106,8.33,7.42
0.038,2016-11-06,ONAQ_043,ONAQ_043-M-0.5-31-20161106,8.33,7.51
0.052,2016-11-06,ONAQ_041,ONAQ_041-M-15.5-9-20161106,8.23,7.4
0.047,2016-11-06,ONAQ_041,ONAQ_041-M-23.5-7.5-20161106,8.25,7.66
0.35,2016-11-06,ONAQ_041,ONAQ_041-M-36-27-20161106,8.26,7.52
0.047,2016-11-07,ONAQ_042,ONAQ_042-M-13.5-2-20161107,8.32,7.39
0.048,2016-11-07,ONAQ_042,ONAQ_042-M-31-1.5-20161107,8.38,7.3
0.044,2016-11-07,ONAQ_042,ONAQ_042-M-9-23.5-20161107,8.52,7.32
0.046,2016-11-07,ONAQ_044,ONAQ_044-M-8.5-13-20161107,8.31,7.38
0.044,2016-11-07,ONAQ_044,ONAQ_044-M-31-3.5-20161107,8.35,7.29
0.046,2016-11-07,ONAQ_044,ONAQ_044-M-4-29-20161107,8.37,7.31
0.087,2016-11-07,ONAQ_004,ONAQ_004-M-5-13.5-20161107,8.91,7.58
0.075,2016-11-07,ONAQ_004,ONAQ_004-M-6-37.5-20161107,8.57,7.44
0.081,2016-11-07,ONAQ_004,ONAQ_004-M-31-17-20161107,8.45,7.42
0.113,2016-11-08,ONAQ_007,ONAQ_007-M-3-4-20161108,7.92,7.25
0.026,2016-11-08,ONAQ_007,ONAQ_007-M-33-3-20161108,8.19,7.2
0.101,2016-11-08,ONAQ_007,ONAQ_007-M-24.5-30-20161108,8.23,7.26
0.066,2016-11-08,ONAQ_003,ONAQ_003-M-31-14.5-20161108,8.08,7.35
0.045,2016-11-08,ONAQ_003,ONAQ_003-M-22.5-38.5-20161108,8.15,7.39
0.068,2016-11-08,ONAQ_003,ONAQ_003-M-9-37.5-20161108,8.12,7.29
0.352,2016-11-09,ONAQ_008,ONAQ_008-M-0-4.5-20161109,7.49,7.53
0.314,2016-11-09,ONAQ_008,ONAQ_008-M-14.5-36.5-20161109,7.79,7.06
0.283,2016-11-09,ONAQ_008,ONAQ_008-M-35-1-20161109,7.58,7.04
0.315,2016-11-09,ONAQ_012,ONAQ_012-M-3.5-6-20161109,7.27,6.72
0.307,2016-11-09,ONAQ_012,ONAQ_012-M-34.5-17-20161109,7.49,6.68
0.359,2016-11-09,ONAQ_012,ONAQ_012-M-31.5-24-20161109,7.53,7.11
0.092,2016-11-10,ONAQ_017,ONAQ_017-M-0.5-28-20161110,7.62,7.1
0.179,2016-11-10,ONAQ_017,ONAQ_017-M-21-0-20161110,7.83,7.16
0.1,2016-11-10,ONAQ_017,ONAQ_017-M-21.5-39.5-20161110,7.53,6.96
0.051,2016-11-10,ONAQ_005,ONAQ_005-M-31.5-29-20161110,7.69,6.95
0.045,2016-11-10,ONAQ_005,ONAQ_005-M-30-6.5-20161110,7.75,7.07
0.041,2016-11-10,ONAQ_005,ONAQ_005-M-13-8-20161110,7.84,7.01
0.073,2016-11-11,ONAQ_010,ONAQ_010-M-3-4-20161111,7.52,7.08
0.089,2016-11-11,ONAQ_010,ONAQ_010-M-33-3-20161111,7.68,7.08
0.138,2016-11-11,ONAQ_010,ONAQ_010-M-33-33.5-20161111,7.61,6.98
0.274,2017-04-03,ONAQ_004,ONAQ_004-M-5.5-23-20170403,7.76,6.55
0.679,2017-04-03,ONAQ_004,ONAQ_004-M-34-26.5-20170403,7.31,6.71
0.288,2017-04-04,ONAQ_004,ONAQ_004-M-21.5-6-20170404,7.6,6.05
0.308,2017-04-04,ONAQ_002,ONAQ_002-M-2.5-11-20170404,8.17,7.06
0.305,2017-04-04,ONAQ_002,ONAQ_002-M-14-36.5-20170404,8.51,7.18
0.313,2017-04-04,ONAQ_002,ONAQ_002-M-31.5-23-20170404,8.12,7.13
0.251,2017-04-05,ONAQ_010,ONAQ_010-M-37-4-20170405,7.63,6.93
0.331,2017-04-05,ONAQ_010,ONAQ_010-M-4-21-20170405,7.71,7.11
0.225,2017-04-05,ONAQ_010,ONAQ_010-M-2-11.5-20170405,7.68,7.02
0.265,2017-04-05,ONAQ_008,ONAQ_008-M-20-3-20170405,8.03,7
0.212,2017-04-05,ONAQ_008,ONAQ_008-M-35-31-20170405,7.77,6.99
0.137,2017-04-05,ONAQ_008,ONAQ_008-M-13-38.5-20170405,7.6,6.83
0.194,2017-04-06,ONAQ_003,ONAQ_003-M-15-3-20170406,8.76,7.11
0.192,2017-04-06,ONAQ_003,ONAQ_003-M-27-6.5-20170406,8.88,7.24
0.219,2017-04-06,ONAQ_003,ONAQ_003-M-39.5-28.5-20170406,8.07,7.11
0.159,2017-04-06,ONAQ_005,ONAQ_005-M-6.5-30-20170406,7.87,6.95
0.211,2017-04-06,ONAQ_005,ONAQ_005-M-37-34-20170406,8.04,7.04
0.194,2017-04-06,ONAQ_005,ONAQ_005-M-38.5-6-20170406,8.05,6.87
0.193,2017-04-10,ONAQ_043,ONAQ_043-M-8.5-17-20170410,7.53,6.58
0.184,2017-04-10,ONAQ_043,ONAQ_043-M-31.5-19.5-20170410,7.6,6.78
0.151,2017-04-10,ONAQ_043,ONAQ_043-M-39.5-28.5-20170410,7.49,6.54
0.153,2017-04-11,ONAQ_042,ONAQ_042-M-11-6.5-20170411,7.34,6.73
0.158,2017-04-11,ONAQ_042,ONAQ_042-M-33.5-9-20170411,7.32,6.64
0.158,2017-04-11,ONAQ_042,ONAQ_042-M-24-35-20170411,7.39,6.56
0.133,2017-04-11,ONAQ_044,ONAQ_044-M-37-14-20170411,7.26,6.5
0.152,2017-04-11,ONAQ_044,ONAQ_044-M-38-30.5-20170411,7.02,6.57
0.145,2017-04-11,ONAQ_044,ONAQ_044-M-19-33.5-20170411,7.39,6.37
0.178,2017-04-11,ONAQ_041,ONAQ_041-M-1.5-18.5-20170411,7.45,6.64
0.168,2017-04-11,ONAQ_041,ONAQ_041-M-7-25.5-20170411,7.33,6.66
0.174,2017-04-11,ONAQ_041,ONAQ_041-M-36.5-28-20170411,7.13,6.63
0.053,2017-06-25,ONAQ_002,ONAQ_002-M-10-30-20170625,8.09,7.29
0.058,2017-06-25,ONAQ_002,ONAQ_002-M-10.5-7-20170625,8.41,7.43
0.067,2017-06-25,ONAQ_002,ONAQ_002-M-22.5-0-20170625,8.41,7.42
0.061,2017-06-25,ONAQ_004,ONAQ_004-M-14.5-5-20170625,8.47,7.34
0.079,2017-06-25,ONAQ_004,ONAQ_004-M-7-21.5-20170625,9.29,7.81
0.041,2017-06-25,ONAQ_004,ONAQ_004-M-34.5-24-20170625,8.35,7.37
0.047,2017-06-26,ONAQ_005,ONAQ_005-M-15.5-7.5-20170626,8.26,7.49
0.062,2017-06-26,ONAQ_005,ONAQ_005-M-17.5-39.5-20170626,8.38,7.48
0.085,2017-06-26,ONAQ_005,ONAQ_005-M-27-35.5-20170626,8.57,7.66
0.077,2017-06-26,ONAQ_003,ONAQ_003-M-34.5-0.5-20170626,9.4,7.78
0.062,2017-06-26,ONAQ_003,ONAQ_003-M-34-34.5-20170626,8.23,7.38
0.052,2017-06-26,ONAQ_003,ONAQ_003-M-16-32-20170626,8.39,7.38
0.079,2017-06-27,ONAQ_010,ONAQ_010-M-12-3-20170627,7.55,7.07
0.056,2017-06-27,ONAQ_010,ONAQ_010-M-0.5-22-20170627,7.9,7.31
0.082,2017-06-27,ONAQ_010,ONAQ_010-M-38.5-13-20170627,8.02,7.26
0.046,2017-06-27,ONAQ_008,ONAQ_008-M-36.5-13.5-20170627,7.96,7.41
0.077,2017-06-27,ONAQ_008,ONAQ_008-M-4-30.5-20170627,8.34,7.45
0.055,2017-06-27,ONAQ_008,ONAQ_008-M-16-5.5-20170627,8.39,7.58
0.054,2017-06-28,ONAQ_041,ONAQ_041-M-19.5-2.5-20170628,8.88,7.55
0.05,2017-06-28,ONAQ_041,ONAQ_041-M-1.5-28.5-20170628,8.65,7.54
0.05,2017-06-28,ONAQ_041,ONAQ_041-M-23-35.5-20170628,8.68,7.42
0.059,2017-06-29,ONAQ_043,ONAQ_043-M-6-6-20170629,8.72,7.5
0.037,2017-06-29,ONAQ_043,ONAQ_043-M-7.5-35.5-20170629,8.59,7.4
0.041,2017-06-29,ONAQ_043,ONAQ_043-M-39.5-3.5-20170629,8.63,7.56
0.046,2017-06-29,ONAQ_042,ONAQ_042-M-19-3-20170629,8.85,7.51
0.039,2017-06-29,ONAQ_042,ONAQ_042-M-23.5-33.5-20170629,8.69,7.58
0.039,2017-06-29,ONAQ_042,ONAQ_042-M-8-24-20170629,8.69,7.56
0.04,2017-06-29,ONAQ_044,ONAQ_044-M-19-8-20170629,8.57,7.37
0.032,2017-06-29,ONAQ_044,ONAQ_044-M-39.5-9.5-20170629,8.63,7.5
0.042,2017-06-29,ONAQ_044,ONAQ_044-M-30.5-38-20170629,8.7,7.41
0.071,2017-10-15,ONAQ_002,ONAQ_002-M-3.5-29.5-20171015,8.37,7.29
0.079,2017-10-15,ONAQ_002,ONAQ_002-M-5-19.5-20171015,8.23,7.48
0.079,2017-10-15,ONAQ_002,ONAQ_002-M-31.5-37-20171015,8.21,7.56
0.085,2017-10-15,ONAQ_003,ONAQ_003-M-22.5-5.5-20171015,9.35,7.89
0.093,2017-10-15,ONAQ_003,ONAQ_003-M-4-27-20171015,8.38,7.63
0.102,2017-10-15,ONAQ_003,ONAQ_003-M-28-39-20171015,8.34,7.63
0.077,2017-10-16,ONAQ_004,ONAQ_004-M-6.5-13-20171016,9.38,7.51
0.077,2017-10-16,ONAQ_004,ONAQ_004-M-16-39.5-20171016,9.2,7.72
0.077,2017-10-16,ONAQ_004,ONAQ_004-M-33-26-20171016,9.25,7.71
0.063,2017-10-16,ONAQ_008,ONAQ_008-M-16-5.5-20171016,8.21,7.54
0.091,2017-10-16,ONAQ_008,ONAQ_008-M-30-26.5-20171016,8.23,7.42
0.079,2017-10-16,ONAQ_008,ONAQ_008-M-38-9-20171016,8.34,7.66
0.103,2017-10-17,ONAQ_005,ONAQ_005-M-37.5-10.5-20171017,8.69,7.87
0.091,2017-10-17,ONAQ_005,ONAQ_005-M-35.5-39.5-20171017,8.49,7.75
0.099,2017-10-17,ONAQ_005,ONAQ_005-M-8.5-19.5-20171017,8.57,7.81
0.079,2017-10-17,ONAQ_010,ONAQ_010-M-10-4-20171017,7.9,7.19
0.109,2017-10-17,ONAQ_010,ONAQ_010-M-10-38-20171017,8.16,7.6
0.104,2017-10-17,ONAQ_010,ONAQ_010-M-27.5-37.5-20171017,8.29,7.57
0.083,2017-10-18,ONAQ_041,ONAQ_041-M-37.5-1.5-20171018,8.41,7.4
0.077,2017-10-18,ONAQ_041,ONAQ_041-M-31-28-20171018,8.42,7.38
0.072,2017-10-18,ONAQ_041,ONAQ_041-M-14.5-9-20171018,8.28,7.33
0.06,2017-10-18,ONAQ_042,ONAQ_042-M-9.5-32.5-20171018,8.6,7.51
0.059,2017-10-18,ONAQ_042,ONAQ_042-M-1.5-4.5-20171018,8.47,7.42
0.056,2017-10-18,ONAQ_042,ONAQ_042-M-35.5-34-20171018,8.51,7.47
0.057,2017-10-19,ONAQ_043,ONAQ_043-M-14-9.5-20171019,8.55,7.55
0.076,2017-10-19,ONAQ_043,ONAQ_043-M-7.5-37-20171019,8.49,7.63
0.048,2017-10-19,ONAQ_043,ONAQ_043-M-39.5-28.5-20171019,8.39,7.61
0.061,2017-10-19,ONAQ_044,ONAQ_044-M-13-0.5-20171019,8.58,7.48
0.047,2017-10-19,ONAQ_044,ONAQ_044-M-19.5-34-20171019,8.58,7.44
0.042,2017-10-19,ONAQ_044,ONAQ_044-M-37.5-23.5-20171019,8.43,7.39
0.204,2018-03-18,ONAQ_004,ONAQ_004-M-28.5-2.5-20180318,7.17,7.87
0.196,2018-03-18,ONAQ_004,ONAQ_004-M-9.5-32-20180318,7.71,7.52
0.178,2018-03-18,ONAQ_004,ONAQ_004-M-39.5-30-20180318,7.94,7.82
0.233,2018-03-18,ONAQ_005,ONAQ_005-M-14-1-20180318,6.44,7.88
0.218,2018-03-18,ONAQ_005,ONAQ_005-M-21-6-20180318,8.12,7.89
0.196,2018-03-18,ONAQ_005,ONAQ_005-M-10.5-31.5-20180318,6.92,7.78
0.195,2018-03-19,ONAQ_003,ONAQ_003-M-13-3.5-20180319,8.68,7.83
0.183,2018-03-19,ONAQ_003,ONAQ_003-M-39.5-10.5-20180319,8.9,7.84
0.252,2018-03-19,ONAQ_003,ONAQ_003-M-30.5-36.5-20180319,8.47,7.81
0.145,2018-03-19,ONAQ_044,ONAQ_044-M-1-18.5-20180319,8.4,7.61
0.164,2018-03-19,ONAQ_044,ONAQ_044-M-11.5-30.5-20180319,8.46,7.5
0.155,2018-03-19,ONAQ_044,ONAQ_044-M-21.5-38-20180319,8.17,7.5
0.133,2018-03-19,ONAQ_042,ONAQ_042-M-16-9-20180319,8.6,7.57
0.156,2018-03-19,ONAQ_042,ONAQ_042-M-35-4-20180319,8.43,7.47
0.142,2018-03-19,ONAQ_042,ONAQ_042-M-35-36-20180319,8.55,7.57
0.272,2018-03-20,ONAQ_010,ONAQ_010-M-11-7-20180320,8.14,7.63
0.303,2018-03-20,ONAQ_010,ONAQ_010-M-36-13.5-20180320,6.74,7.63
0.249,2018-03-20,ONAQ_010,ONAQ_010-M-39-20.5-20180320,7.03,7.72
0.423,2018-03-20,ONAQ_008,ONAQ_008-M-30-29-20180320,8.09,7.96
0.195,2018-03-20,ONAQ_008,ONAQ_008-M-7-30.5-20180320,6.89,7.66
0.194,2018-03-20,ONAQ_008,ONAQ_008-M-8-14.5-20180320,6.65,7.75
0.188,2018-03-21,ONAQ_002,ONAQ_002-M-38.5-30.5-20180321,8.14,7.65
0.184,2018-03-21,ONAQ_002,ONAQ_002-M-6-24-20180321,8.43,7.56
0.197,2018-03-21,ONAQ_002,ONAQ_002-M-5-9-20180321,8.23,7.69
0.139,2018-03-21,ONAQ_043,ONAQ_043-M-38-37-20180321,8.2,7.58
0.157,2018-03-21,ONAQ_043,ONAQ_043-M-4-36-20180321,8.53,7.44
0.141,2018-03-21,ONAQ_043,ONAQ_043-M-2-6.5-20180321,8.22,7.49
0.164,2018-03-21,ONAQ_041,ONAQ_041-M-38.5-32.5-20180321,8.53,7.63
0.167,2018-03-21,ONAQ_041,ONAQ_041-M-27-4-20180321,8.41,7.52
0.153,2018-03-21,ONAQ_041,ONAQ_041-M-19.5-1.5-20180321,8.57,7.61
0.286,2018-05-29,ONAQ_008,ONAQ_008-M-34.5-32.5-20180529,8.06,7.39
0.216,2018-05-29,ONAQ_008,ONAQ_008-M-34-16-20180529,8.15,7.42
0.172,2018-05-29,ONAQ_008,ONAQ_008-M-2-3-20180529,8.1,7.32
0.186,2018-05-29,ONAQ_010,ONAQ_010-M-30.5-37.5-20180529,8.16,7.33
0.222,2018-05-29,ONAQ_010,ONAQ_010-M-39-7.5-20180529,8.07,7.45
0.192,2018-05-29,ONAQ_010,ONAQ_010-M-19-6-20180529,8.06,7.24
0.123,2018-05-29,ONAQ_004,ONAQ_004-M-34.5-30-20180529,8.51,7.45
0.126,2018-05-29,ONAQ_004,ONAQ_004-M-28-7.5-20180529,8.64,7.45
0.118,2018-05-29,ONAQ_004,ONAQ_004-M-0.5-18.5-20180529,8.58,7.54
0.106,2018-05-30,ONAQ_043,ONAQ_043-M-0.5-29-20180530,8.6,7.62
0.124,2018-05-30,ONAQ_043,ONAQ_043-M-25.5-3.5-20180530,8.59,7.71
0.118,2018-05-30,ONAQ_043,ONAQ_043-M-8-14-20180530,8.77,7.76
0.117,2018-05-30,ONAQ_041,ONAQ_041-M-36-33-20180530,8.03,7.51
0.111,2018-05-30,ONAQ_041,ONAQ_041-M-6.5-27-20180530,7.98,7.51
0.094,2018-05-30,ONAQ_041,ONAQ_041-M-39-7.5-20180530,8.09,7.4
0.079,2018-05-30,ONAQ_044,ONAQ_044-M-34.5-25.5-20180530,7.99,7.32
0.086,2018-05-30,ONAQ_044,ONAQ_044-M-36-10-20180530,8.25,7.33
0.078,2018-05-30,ONAQ_044,ONAQ_044-M-18-32-20180530,7.73,7.37
0.107,2018-05-30,ONAQ_042,ONAQ_042-M-30-14-20180530,8.67,7.58
0.081,2018-05-30,ONAQ_042,ONAQ_042-M-11-39-20180530,8.47,7.41
0.087,2018-05-30,ONAQ_042,ONAQ_042-M-2-15.5-20180530,8.51,7.45
0.182,2018-05-30,ONAQ_005,ONAQ_005-M-23-30-20180530,8.34,7.46
0.16,2018-05-30,ONAQ_005,ONAQ_005-M-14-34.5-20180530,8.47,7.45
0.146,2018-05-30,ONAQ_005,ONAQ_005-M-20.5-8-20180530,8.39,7.46
0.118,2018-05-31,ONAQ_002,ONAQ_002-M-25.5-34-20180531,8.42,7.25
0.1,2018-05-31,ONAQ_002,ONAQ_002-M-26.5-5-20180531,8.42,7.32
0.127,2018-05-31,ONAQ_002,ONAQ_002-M-16-1-20180531,8.33,7.28
0.163,2018-05-31,ONAQ_003,ONAQ_003-M-30.5-23-20180531,8.23,7.37
0.183,2018-05-31,ONAQ_003,ONAQ_003-M-11-38.5-20180531,8.18,7.38
0.171,2018-05-31,ONAQ_003,ONAQ_003-M-4-14.5-20180531,8.33,7.39
0.083,2018-10-22,ONAQ_002,ONAQ_002-M-30-10-20181022,7.95,7.75
0.086,2018-10-22,ONAQ_002,ONAQ_002-M-9-26-20181022,8.52,7.46
0.089,2018-10-22,ONAQ_002,ONAQ_002-M-1.5-14.5-20181022,8.48,7.63
0.099,2018-10-22,ONAQ_003,ONAQ_003-M-31.5-38-20181022,8.43,7.64
0.093,2018-10-22,ONAQ_003,ONAQ_003-M-0.5-24.5-20181022,8.41,7.5
0.085,2018-10-22,ONAQ_003,ONAQ_003-M-0-1-20181022,8.53,7.62
0.07,2018-10-22,ONAQ_005,ONAQ_005-M-33.5-31.5-20181022,8.45,7.52
0.085,2018-10-22,ONAQ_005,ONAQ_005-M-14.5-35.5-20181022,8.2,7.71
0.066,2018-10-22,ONAQ_005,ONAQ_005-M-7.5-15.5-20181022,8.28,7.63
0.129,2018-10-23,ONAQ_008,ONAQ_008-M-37-36-20181023,8.25,7.7
0.145,2018-10-23,ONAQ_008,ONAQ_008-M-34-17.5-20181023,8.35,7.8
0.169,2018-10-23,ONAQ_008,ONAQ_008-M-3.5-12-20181023,8.24,7.69
0.208,2018-10-23,ONAQ_010,ONAQ_010-M-29.5-39.5-20181023,8.27,7.63
0.195,2018-10-23,ONAQ_010,ONAQ_010-M-5.5-37.5-20181023,8.24,7.78
0.188,2018-10-23,ONAQ_010,ONAQ_010-M-36.5-7.5-20181023,8.27,7.71
0.116,2018-10-24,ONAQ_004,ONAQ_004-M-21.5-35.5-20181024,8.78,8.11
0.102,2018-10-24,ONAQ_004,ONAQ_004-M-33.5-13-20181024,9.03,8.06
0.09,2018-10-24,ONAQ_004,ONAQ_004-M-18.5-1-20181024,8.82,8.03
0.053,2018-10-24,ONAQ_043,ONAQ_043-M-38.5-26-20181024,8.55,8
0.063,2018-10-24,ONAQ_043,ONAQ_043-M-17-36-20181024,8.26,7.93
0.063,2018-10-24,ONAQ_043,ONAQ_043-M-0-11-20181024,8.73,8.01
0.046,2018-10-24,ONAQ_042,ONAQ_042-M-35.5-27.5-20181024,8.72,8.03
0.065,2018-10-24,ONAQ_042,ONAQ_042-M-2.5-37-20181024,8.56,7.94
0.036,2018-10-24,ONAQ_042,ONAQ_042-M-0-8-20181024,8.64,8.04
0.064,2018-10-25,ONAQ_041,ONAQ_041-M-36.5-27-20181025,8.91,8
0.078,2018-10-25,ONAQ_041,ONAQ_041-M-33-15.5-20181025,9.02,7.98
0.072,2018-10-25,ONAQ_041,ONAQ_041-M-1-29.5-20181025,8.78,8.01
0.054,2018-10-25,ONAQ_044,ONAQ_044-M-31-31.5-20181025,8.97,8.01
0.049,2018-10-25,ONAQ_044,ONAQ_044-M-32.5-0.5-20181025,8.91,7.88
0.059,2018-10-25,ONAQ_044,ONAQ_044-M-11-2-20181025,8.81,7.97
0.324,2019-03-25,ONAQ_008,ONAQ_008-M-30.5-34-20190325,8.29,7.49
0.331,2019-03-25,ONAQ_008,ONAQ_008-M-11-3.5-20190325,8.27,7.35
0.247,2019-03-25,ONAQ_008,ONAQ_008-M-7.5-26.5-20190325,8.36,7.51
0.251,2019-03-26,ONAQ_004,ONAQ_004-M-6-15.5-20190326,9.61,8.25
0.234,2019-03-26,ONAQ_004,ONAQ_004-M-1-28-20190326,9.43,7.7
0.273,2019-03-26,ONAQ_010,ONAQ_010-M-6.5-8.5-20190326,8.13,7.41
0.234,2019-03-26,ONAQ_004,ONAQ_004-M-33-20-20190326,8.65,7.5
0.245,2019-03-26,ONAQ_010,ONAQ_010-M-26.5-5-20190326,8.28,7.41
0.241,2019-03-26,ONAQ_010,ONAQ_010-M-29.5-38-20190326,8.35,7.32
0.229,2019-03-27,ONAQ_005,ONAQ_005-M-6.5-17.5-20190327,8.6,7.5
0.219,2019-03-27,ONAQ_005,ONAQ_005-M-33-18.5-20190327,8.54,7.61
0.188,2019-03-27,ONAQ_005,ONAQ_005-M-36-26.5-20190327,8.88,7.71
0.167,2019-03-27,ONAQ_041,ONAQ_041-M-5-12.5-20190327,8.78,7.74
0.186,2019-03-27,ONAQ_041,ONAQ_041-M-29-4.5-20190327,8.74,7.69
0.179,2019-03-27,ONAQ_041,ONAQ_041-M-18.5-36-20190327,8.74,7.51
0.152,2019-03-27,ONAQ_044,ONAQ_044-M-8-10.5-20190327,8.73,7.45
0.151,2019-03-27,ONAQ_044,ONAQ_044-M-6.5-29-20190327,8.79,7.62
0.131,2019-03-27,ONAQ_044,ONAQ_044-M-39.5-24.5-20190327,8.63,7.32
0.172,2019-04-09,ONAQ_002,ONAQ_002-M-35.5-33-20190409,NA,NA
0.178,2019-04-09,ONAQ_002,ONAQ_002-M-39.5-13-20190409,NA,NA
0.198,2019-04-09,ONAQ_002,ONAQ_002-M-13-4.5-20190409,NA,NA
0.211,2019-04-09,ONAQ_003,ONAQ_003-M-3-38-20190409,NA,NA
0.15,2019-04-09,ONAQ_003,ONAQ_003-M-34-6-20190409,NA,NA
0.15,2019-04-09,ONAQ_003,ONAQ_003-M-13-2-20190409,NA,NA
0.132,2019-04-09,ONAQ_042,ONAQ_042-M-17.5-4.5-20190409,NA,NA
0.148,2019-04-09,ONAQ_042,ONAQ_042-M-23.5-7.5-20190409,NA,NA
0.13,2019-04-09,ONAQ_043,ONAQ_043-M-22.5-36.5-20190409,NA,NA
0.146,2019-04-09,ONAQ_042,ONAQ_042-M-11-30-20190409,NA,NA
0.153,2019-04-09,ONAQ_043,ONAQ_043-M-7-23.5-20190409,NA,NA
0.154,2019-04-09,ONAQ_043,ONAQ_043-M-18.5-3.5-20190409,NA,NA
